cell_type,n,onehop_mv,twohop_mv,onehop_per_neuron,twohop_per_neuron
LC10d,188,0.0,-17474.06640625,0.0,-92.94715881347656
LC10a,234,0.0,-16176.1875,0.0,-69.1290054321289
LC33,29,-1.9249999523162842,9233.359375,-0.06637930870056152,318.3916931152344
LPC1,164,0.0,8843.96484375,0.0,53.92661666870117
LC9,179,0.0,5488.560546875,0.0,30.662349700927734
LC10c-1,102,0.0,-3331.28125,0.0,-32.65961837768555
LTe65,7,0.0,3139.87451171875,0.0,448.5534973144531
LT82b,4,0.0,2883.732421875,0.0,720.93310546875
LC10c-2,101,0.0,-2818.317138671875,0.0,-27.904130935668945
LT52,31,0.0,2409.94189453125,0.0,77.74005889892578
LTe43b,6,0.0,-2139.12890625,0.0,-356.521484375
LC4,104,0.0,1907.111328125,0.0,18.337608337402344
LC37,18,0.0,-1664.2794189453125,0.0,-92.45996856689453
LC31a,35,0.0,1432.261962890625,0.0,40.92177200317383
LPLC4,110,0.0,-1409.1209716796875,0.0,-12.810190200805664
LLPC2,235,0.0,1384.54248046875,0.0,5.891670227050781
LPT42_Nod4,2,0.0,1288.498779296875,0.0,644.2493896484375
LTe49,27,0.0,1160.9195556640625,0.0,42.99702072143555
LC6,125,0.0,1152.8275146484375,0.0,9.222620010375977
LC18,188,0.0,1105.56201171875,0.0,5.880649089813232
LC28a,45,0.0,-987.5869140625,0.0,-21.94637680053711
LC31c,2,0.0,961.87451171875,0.0,480.937255859375
LCe06,11,0.0,939.5650634765625,0.0,85.41500854492188
LT86,2,0.0,938.0525512695312,0.0,469.0262756347656
LTe68b,6,0.0,-870.5194702148438,0.0,-145.08657836914062
LTe03,4,0.0,848.0587768554688,0.0,212.0146942138672
LPLC2,210,0.0,766.5350341796875,0.0,3.6501667499542236
LTe07,2,0.0,-736.814453125,0.0,-368.4072265625
MTe01b,48,0.0,694.1619262695312,0.0,14.46170711517334
LTe43a,2,0.0,-650.828857421875,0.0,-325.4144287109375
Nod1,4,0.0,640.3169555664062,0.0,160.07923889160156
MTe01c,4,0.0,627.76318359375,0.0,156.9407958984375
LT63,4,0.0,-581.3294067382812,0.0,-145.3323516845703
LC22,89,0.0,-547.4493408203125,0.0,-6.151116371154785
LC10b,84,0.0,-544.8024291992188,0.0,-6.485743045806885
LTe66,7,0.0,528.4675903320312,0.0,75.49536895751953
"LT53,PLP098",8,0.0,525.4425048828125,0.0,65.68031311035156
LC31b,10,0.0,521.5100708007812,0.0,52.15100860595703
LC36,35,0.0,505.9313659667969,0.0,14.455182075500488
LT51,22,-65.17499542236328,505.85638427734375,-2.9624998569488525,22.993471145629883
LC46,14,0.0,484.9831848144531,0.0,34.64165496826172
MeMe_e05,2,0.0,-482.18499755859375,0.0,-241.09249877929688
LTe27,2,0.0,-477.5718994140625,0.0,-238.78594970703125
LC28c,24,0.0,-430.4575500488281,0.0,-17.935731887817383
LLPC1,219,0.0,430.38189697265625,0.0,1.9652141332626343
LT59,2,0.0,416.16436767578125,0.0,208.08218383789062
LTe14,2,0.0,377.29315185546875,0.0,188.64657592773438
LTe19,2,0.0,372.3775329589844,0.0,186.1887664794922
LC10f,4,0.0,366.478759765625,0.0,91.61968994140625
LTe42c,2,0.0,334.8674621582031,0.0,167.43373107910156
LTe51,2,0.0,331.69122314453125,0.0,165.84561157226562
LC20a,46,0.0,-326.4731140136719,0.0,-7.097241401672363
LTe68a,4,0.0,-323.1456298828125,0.0,-80.78640747070312
LPT30,2,0.0,309.68438720703125,0.0,154.84219360351562
LC21,130,0.0,-309.3062438964844,0.0,-2.3792788982391357
LT81,11,0.0,295.0131530761719,0.0,26.819377899169922
MTe10,8,0.0,-291.7612609863281,0.0,-36.470157623291016
LC34,14,0.0,280.11505126953125,0.0,20.00821876525879
LTe18,2,0.0,275.27496337890625,0.0,137.63748168945312
MTe23,2,-0.2750000059604645,-274.3675231933594,-0.13750000298023224,-137.1837615966797
LC29,45,0.0,255.4613037109375,0.0,5.676918029785156
MeMe_e06,2,0.0,-244.49560546875,0.0,-122.247802734375
LTe63,6,0.0,-229.29502868652344,0.0,-38.21583938598633
OCG01e,2,0.0,206.00250244140625,0.0,103.00125122070312
LT78,8,0.0,-204.489990234375,0.0,-25.561248779296875
LT82a,2,0.0,191.10435485839844,0.0,95.55217742919922
LPT31,8,0.0,190.1212615966797,0.0,23.76515769958496
LT85,2,0.0,189.59188842773438,0.0,94.79594421386719
LT57,22,0.0,-185.583740234375,0.0,-8.435624122619629
aMe5,55,0.0,183.99563598632812,0.0,3.3453752994537354
Nod5,2,0.0,165.99688720703125,0.0,82.99844360351562
LTe76,2,0.0,164.25750732421875,0.0,82.12875366210938
LPT47_vCal2,2,0.0,-159.94688415527344,0.0,-79.97344207763672
LC28d,18,0.0,-153.59437561035156,0.0,-8.533020973205566
MeMe_e03,2,0.0,-150.8718719482422,0.0,-75.4359359741211
LTe20,2,0.0,150.19125366210938,0.0,75.09562683105469
LC39,8,0.0,-148.14938354492188,0.0,-18.518672943115234
LC15,106,0.0,-144.74627685546875,0.0,-1.3655309677124023
LPT22,2,0.0,-144.4437713623047,0.0,-72.22188568115234
LC16,151,0.0,-143.76312255859375,0.0,-0.9520736336708069
LCe04,37,0.0,139.60377502441406,0.0,3.7730751037597656
LTe32,6,0.0,129.99937438964844,0.0,21.666563034057617
LC19,15,0.0,128.48690795898438,0.0,8.565793991088867
MeTu4c,89,0.0,-127.20125579833984,0.0,-1.429227590560913
LC17,276,0.0,125.53750610351562,0.0,0.45484602451324463
LTe44,2,0.0,124.78126525878906,0.0,62.39063262939453
MTe36,2,0.0,-119.48750305175781,0.0,-59.743751525878906
LTe31,2,0.0,116.23562622070312,0.0,58.11781311035156
LT65,2,0.0,-112.30314636230469,0.0,-56.151573181152344
MTe31,2,0.0,-109.80751037597656,0.0,-54.90375518798828
MTe29,2,0.0,-108.44625091552734,0.0,-54.22312545776367
LTe04,2,0.0,-107.31188201904297,0.0,-53.655941009521484
MTe13,5,0.0,-104.06001281738281,0.0,-20.812002182006836
LT87,2,0.0,92.48937225341797,0.0,46.244686126708984
aMe25,2,0.0,-92.11125183105469,0.0,-46.055625915527344
LTe42a,2,0.0,89.16188049316406,0.0,44.58094024658203
VSm,4,0.0,85.9100112915039,0.0,21.477502822875977
LPT23,6,0.0,84.54875183105469,0.0,14.091458320617676
MTe18,3,0.0,-83.0362548828125,0.0,-27.67875099182129
MTe34,2,0.0,81.90188598632812,0.0,40.95094299316406
LT61b,2,0.0,78.87687683105469,0.0,39.438438415527344
MTe01a,87,0.0,-76.60812377929688,0.0,-0.880553126335144
LC27,37,0.0,-76.3812484741211,0.0,-2.0643579959869385
LT61a,2,0.0,74.33937072753906,0.0,37.16968536376953
OCG01d,2,0.0,73.12937927246094,0.0,36.56468963623047
LTe56,2,0.0,73.05374908447266,0.0,36.52687454223633
LC25,60,0.0,71.76811981201172,0.0,1.1961352825164795
LPT04_HST,2,0.0,65.71813201904297,0.0,32.859066009521484
LTe12,2,0.0,63.676246643066406,0.0,31.838123321533203
MTe40,2,0.0,62.91999816894531,0.0,31.459999084472656
MTe12,6,0.0,62.61750030517578,0.0,10.436249732971191
LTe21,2,0.0,-62.466251373291016,0.0,-31.233125686645508
OCG02a,2,0.0,61.48312759399414,0.0,30.74156379699707
LPT29,2,0.0,-60.726871490478516,0.0,-30.363435745239258
OCG01a,2,0.0,-55.65999984741211,0.0,-27.829999923706055
LC11,127,0.0,55.35749816894531,0.0,0.43588581681251526
LT55,2,0.0,53.24000549316406,0.0,26.62000274658203
OCG02b,2,0.0,52.9375,0.0,26.46875
Nod3,2,0.0,51.3493766784668,0.0,25.6746883392334
LC20b,46,0.0,49.61000442504883,0.0,1.0784783363342285
LLPC3,204,0.0,-48.70249938964844,0.0,-0.23873774707317352
LTe01,5,0.0,-48.097503662109375,0.0,-9.619501113891602
MeTu1,244,0.0,-47.946250915527344,0.0,-0.19650103151798248
LC10e,103,0.0,47.03876876831055,0.0,0.4566870629787445
LT79,2,0.0,47.03874969482422,0.0,23.51937484741211
LTe64,16,0.0,-43.333126068115234,0.0,-2.708320379257202
LT69,2,0.0,42.12312698364258,0.0,21.06156349182129
MeMe_e04,4,0.0,-38.493125915527344,0.0,-9.623281478881836
MTe42,2,0.0,-37.13187789916992,0.0,-18.56593894958496
LTe75,2,0.0,35.99750518798828,0.0,17.99875259399414
LPT21,2,0.0,35.695003509521484,0.0,17.847501754760742
LT80,4,0.0,-35.46812438964844,0.0,-8.86703109741211
LPT52,2,0.0,35.165626525878906,0.0,17.582813262939453
LCe07,10,0.0,34.25812530517578,0.0,3.4258124828338623
LCe01b,45,0.0,32.74562454223633,0.0,0.7276805639266968
LT1a,2,0.0,32.51875305175781,0.0,16.259376525878906
MeLp1,2,0.0,-32.51875305175781,0.0,-16.259376525878906
LTe17,2,0.0,31.9893741607666,0.0,15.9946870803833
LT76,2,0.0,29.342500686645508,0.0,14.671250343322754
LPLC1,140,0.0,-29.19124984741211,0.0,-0.2085089236497879
LTe38a,8,0.0,27.376251220703125,0.0,3.4220314025878906
LTe58,12,0.0,26.69562530517578,0.0,2.224635362625122
LPT28,2,0.0,26.6200008392334,0.0,13.3100004196167
MTe41,2,0.0,-25.107501983642578,0.0,-12.553750991821289
MTe19,2,0.0,-25.107500076293945,0.0,-12.553750038146973
LPC2,116,0.0,24.35125160217285,0.0,0.209924578666687
Nod2,2,0.0,23.443748474121094,0.0,11.721874237060547
LTe08,2,0.0,23.216875076293945,0.0,11.608437538146973
MTe08,12,0.0,-23.216873168945312,0.0,-1.9347394704818726
LPT54,2,0.0,23.065624237060547,0.0,11.532812118530273
MTe44,2,0.0,22.763126373291016,0.0,11.381563186645508
MTe47,4,0.0,-20.948123931884766,0.0,-5.237030982971191
MTe27,2,0.0,20.872501373291016,0.0,10.436250686645508
LTe13,2,0.0,18.83062744140625,0.0,9.415313720703125
LT62,2,0.0,18.755001068115234,0.0,9.377500534057617
MTe43,2,0.0,-18.528125762939453,0.0,-9.264062881469727
LCe08,5,0.0,-17.923126220703125,0.0,-3.584625244140625
LTe54,4,0.0,16.410625457763672,0.0,4.102656364440918
LT83,2,0.0,15.578750610351562,0.0,7.789375305175781
LTe59b,2,0.0,15.427499771118164,0.0,7.713749885559082
LC40,37,0.0,-14.973747253417969,0.0,-0.40469586849212646
HSS,2,0.0,14.141877174377441,0.0,7.070938587188721
LTe26,2,0.0,14.141874313354492,0.0,7.070937156677246
LTe48,2,0.0,13.915000915527344,0.0,6.957500457763672
LTe15,2,0.0,-13.688125610351562,0.0,-6.844062805175781
LPTe01,38,0.0,13.61250114440918,0.0,0.35822370648384094
LT43,4,0.0,-13.007500648498535,0.0,-3.251875162124634
LTe45,2,0.0,-12.931877136230469,0.0,-6.465938568115234
LTe46,2,0.0,-12.856250762939453,0.0,-6.428125381469727
LTe11,2,0.0,11.797504425048828,0.0,5.898752212524414
LTe42b,2,0.0,11.11688232421875,0.0,5.558441162109375
aMe20,2,0.0,11.116875648498535,0.0,5.558437824249268
LC13,145,0.0,-11.116874694824219,0.0,-0.07666809856891632
MTe53,14,0.0,10.889999389648438,0.0,0.7778571248054504
aMe12,7,0.0,10.889999389648438,0.0,1.5557142496109009
MTe15,4,0.0,10.663125991821289,0.0,2.6657814979553223
LT1d,2,0.0,10.436249732971191,0.0,5.218124866485596
LTe30,2,0.0,-10.436249732971191,0.0,-5.218124866485596
LTe55,2,0.0,10.285001754760742,0.0,5.142500877380371
LC41,12,0.0,-10.058125495910645,0.0,-0.8381771445274353
LTe05,2,0.0,9.83125114440918,0.0,4.91562557220459
LTe47,4,0.0,-9.831250190734863,0.0,-2.457812547683716
LC24,75,0.0,-9.604373931884766,0.0,-0.1280583143234253
LT77,6,0.0,-8.999375343322754,0.0,-1.4998959302902222
LPT51,2,0.0,8.999374389648438,0.0,4.499687194824219
LTe22,2,0.0,8.696874618530273,0.0,4.348437309265137
LTe41,2,0.0,-8.545624732971191,0.0,-4.272812366485596
LC28b,16,0.0,8.318750381469727,0.0,0.5199218988418579
OCG02c,4,0.0,8.091876029968262,0.0,2.0229690074920654
aMe26,6,0.0,8.091875076293945,0.0,1.348645806312561
LT67,2,0.0,-7.940625190734863,0.0,-3.9703125953674316
LPT26,2,0.0,-7.8650007247924805,0.0,-3.9325003623962402
LTe69,2,0.0,6.201250076293945,0.0,3.1006250381469727
LTe35,2,0.0,5.974375247955322,0.0,2.987187623977661
LTe74,2,0.0,-5.82312536239624,0.0,-2.91156268119812
LT72,2,0.0,5.066878318786621,0.0,2.5334391593933105
LT47,2,0.0,-4.537500381469727,0.0,-2.2687501907348633
HSE,2,0.0,4.3862504959106445,0.0,2.1931252479553223
LT84,2,0.0,4.159375190734863,0.0,2.0796875953674316
LT73,4,0.0,-4.083750247955322,0.0,-1.0209375619888306
MTe11,6,0.0,-4.083750247955322,0.0,-0.6806250214576721
MTe04,30,0.0,-3.9325003623962402,0.0,-0.13108333945274353
VST2,8,0.0,-3.705625295639038,0.0,-0.46320316195487976
LPT48_vCal3,2,0.0,3.70562481880188,0.0,1.85281240940094
MeTu4a,131,0.0,-3.7056241035461426,0.0,-0.028287207707762718
LT66,2,0.0,3.478750228881836,0.0,1.739375114440918
LTe10,2,0.0,3.251875162124634,0.0,1.625937581062317
LTe25,2,0.0,3.1006250381469727,0.0,1.5503125190734863
aMe9,4,0.0,3.0249998569488525,0.0,0.7562499642372131
H2,2,0.0,-2.873750686645508,0.0,-1.436875343322754
LCe01a,22,0.0,2.8737502098083496,0.0,0.13062500953674316
LTe50,4,0.0,-2.7981247901916504,0.0,-0.6995311975479126
MTe45,2,0.0,2.7224998474121094,0.0,1.3612499237060547
LPT27,2,0.0,-2.6468751430511475,0.0,-1.3234375715255737
LTe40,2,0.0,2.6468751430511475,0.0,1.3234375715255737
MeTu4d,37,0.0,2.4956250190734863,0.0,0.06744932383298874
aMe19b,2,0.0,-2.419999837875366,0.0,-1.209999918937683
MeMe_e07,10,0.0,-2.2687501907348633,0.0,-0.22687502205371857
LT64,4,0.0,-2.117500066757202,0.0,-0.5293750166893005
OCG01c,2,0.0,-2.117500066757202,0.0,-1.058750033378601
LTe57,2,0.0,2.117499828338623,0.0,1.0587499141693115
MTe39,2,0.0,-1.8906254768371582,0.0,-0.9453127384185791
LT11,2,0.0,-1.890625,0.0,-0.9453125
vCal1,2,0.0,1.663750171661377,0.0,0.8318750858306885
MTe51,98,0.0,1.6637500524520874,0.0,0.016977041959762573
LTe38b,4,0.0,1.6637499332427979,0.0,0.41593748331069946
VS3,2,0.0,-1.588125228881836,0.0,-0.794062614440918
LPT49,2,0.0,-1.5125000476837158,0.0,-0.7562500238418579
MeTu3c,151,0.0,-1.4368751049041748,0.0,-0.009515728801488876
LT75,2,0.0,1.3612501621246338,0.0,0.6806250810623169
OCG01f,2,0.0,-1.3612501621246338,0.0,-0.6806250810623169
LMTe01,4,0.0,-1.2856251001358032,0.0,-0.3214062750339508
MTe22,2,0.0,1.2856249809265137,0.0,0.6428124904632568
LCe03,37,0.0,1.2100000381469727,0.0,0.03270270302891731
MTe07,15,0.0,-1.2100000381469727,0.0,-0.0806666687130928
LT74,5,0.0,-1.1343750953674316,0.0,-0.22687502205371857
HSN,2,0.0,1.0587501525878906,0.0,0.5293750762939453
LTe33,5,0.0,0.9831250309944153,0.0,0.1966250091791153
MeMe_e08,12,0.0,-0.9831250309944153,0.0,-0.08192708343267441
MTe17b,2,0.0,0.907500147819519,0.0,0.4537500739097595
aMe10,3,0.0,-0.9075000882148743,0.0,-0.30250003933906555
LTe09,15,0.0,0.9075000286102295,0.0,0.06050000339746475
TmY14,370,0.0,-0.8318750262260437,0.0,-0.002248310949653387
LT1b,2,0.0,0.7562500238418579,0.0,0.37812501192092896
LC43,12,0.0,-0.7562499642372131,0.0,-0.06302083283662796
LT60,2,0.0,0.7562499642372131,0.0,0.37812498211860657
MTe28,2,0.0,0.6806250810623169,0.0,0.34031254053115845
MTe49,2,0.0,-0.6806250810623169,0.0,-0.34031254053115845
VS7,2,0.0,-0.6806250810623169,0.0,-0.34031254053115845
LTe16,2,0.0,-0.6806250214576721,0.0,-0.34031251072883606
MTe32,2,0.0,0.6806250214576721,0.0,0.34031251072883606
MTe35,2,0.0,0.6806250214576721,0.0,0.34031251072883606
LC12,380,0.0,0.60500168800354,0.0,0.001592109678313136
LLPC4,6,0.0,0.6050000786781311,0.0,0.10083334892988205
MTe09,10,0.0,-0.6050000190734863,0.0,-0.06050000339746475
MeTu3b,85,0.0,0.6050000190734863,0.0,0.007117647211998701
MTe33,2,0.0,0.5293750762939453,0.0,0.26468753814697266
LC45b,10,0.0,0.5293750166893005,0.0,0.052937500178813934
LT1c,2,0.0,0.5293750166893005,0.0,0.26468750834465027
VS4,2,0.0,-0.45375004410743713,0.0,-0.22687502205371857
VS8,2,0.0,-0.45375004410743713,0.0,-0.22687502205371857
LTe06,2,0.0,-0.45375001430511475,0.0,-0.22687500715255737
LTe59a,2,0.0,0.45375001430511475,0.0,0.22687500715255737
LC35,8,0.0,0.3781251311302185,0.0,0.04726564139127731
OCG01b,2,0.0,-0.37812504172325134,0.0,-0.18906252086162567
LTe37,4,0.0,0.37812501192092896,0.0,0.09453125298023224
MTe54,54,0.0,0.37812501192092896,0.0,0.007002315018326044
LC44,4,0.0,-0.37812498211860657,0.0,-0.09453124552965164
LCe05,19,0.0,0.30250000953674316,0.0,0.015921052545309067
LTe60,2,0.0,-0.30250000953674316,0.0,-0.15125000476837158
LTe71,2,0.0,-0.30250000953674316,0.0,-0.15125000476837158
LTe73,2,0.0,0.30250000953674316,0.0,0.15125000476837158
MTe16,4,0.0,-0.30250000953674316,0.0,-0.07562500238418579
LTe23,2,0.0,0.22687502205371857,0.0,0.11343751102685928
aMe3,2,0.0,-0.22687502205371857,0.0,-0.11343751102685928
LC26,57,0.0,0.22687500715255737,0.0,0.003980263136327267
LPT50,2,0.0,-0.22687500715255737,0.0,-0.11343750357627869
LTe24,2,0.0,-0.22687500715255737,0.0,-0.11343750357627869
LTe53,2,0.0,-0.22687500715255737,0.0,-0.11343750357627869
MTe05,23,0.0,0.22687500715255737,0.0,0.00986413098871708
LT68,4,0.0,-0.15125036239624023,0.0,-0.03781259059906006
LTe36,2,0.0,-0.15125000476837158,0.0,-0.07562500238418579
MC65,6,0.0,-0.15125000476837158,0.0,-0.025208333507180214
MTe03,47,0.0,-0.15125000476837158,0.0,-0.0032180852722376585
MTe37,2,0.0,0.15125000476837158,0.0,0.07562500238418579
MTe38,2,0.0,0.15125000476837158,0.0,0.07562500238418579
MTe48,2,0.0,0.15125000476837158,0.0,0.07562500238418579
MeTu4b,21,0.0,-0.15125000476837158,0.0,-0.007202381268143654
aMe8,4,0.0,0.15125000476837158,0.0,0.037812501192092896
LTe28,2,0.0,0.07562506198883057,0.0,0.03781253099441528
LTe02,4,0.0,0.07562500238418579,0.0,0.018906250596046448
MTe02,74,0.0,-0.07562500238418579,0.0,-0.001021959469653666
MTe14,4,0.0,0.07562500238418579,0.0,0.018906250596046448
MTe30,2,0.0,-0.07562500238418579,0.0,-0.037812501192092896
MTe46,3,0.0,0.07562500238418579,0.0,0.025208333507180214
MTe50,54,0.0,-0.07562500238418579,0.0,-0.0014004630502313375
MTe52,42,0.0,0.07562500238418579,0.0,0.0018005953170359135
aMe19a,2,0.0,0.07562500238418579,0.0,0.037812501192092896
VST1,4,0.0,0.0756249874830246,0.0,0.01890624687075615
LC45a,14,0.0,0.0,0.0,0.0
LCe02,53,0.0,0.0,0.0,0.0
LCe09,16,0.0,0.0,0.0,0.0
LPTe02,11,0.0,0.0,0.0,0.0
LTe29,2,0.0,0.0,0.0,0.0
LTe62,2,0.0,0.0,0.0,0.0
LTe67,4,0.0,0.0,0.0,0.0
LTe70,2,0.0,0.0,0.0,0.0
LTe72,2,0.0,0.0,0.0,0.0
MTe06,18,0.0,0.0,0.0,0.0
MTe17a,2,0.0,0.0,0.0,0.0
MTe20,2,0.0,0.0,0.0,0.0
MTe21,2,0.0,0.0,0.0,0.0
MTe24,2,0.0,0.0,0.0,0.0
MTe25,2,0.0,0.0,0.0,0.0
MTe26,2,0.0,0.0,0.0,0.0
MeTu2a,69,0.0,0.0,0.0,0.0
MeTu2b,31,0.0,0.0,0.0,0.0
MeTu3a,39,0.0,0.0,0.0,0.0
VS1,2,0.0,0.0,0.0,0.0
VS2,2,0.0,0.0,0.0,0.0
VS5,2,0.0,0.0,0.0,0.0
VS6,2,0.0,0.0,0.0,0.0
aMe1,4,0.0,0.0,0.0,0.0
aMe6a,2,0.0,0.0,0.0,0.0
s-LNv_a,2,0.0,0.0,0.0,0.0
s-LNv_b,8,0.0,0.0,0.0,0.0
