cell_type,n_neurons,subset,n_driven,rate_hz,MDN,GF,WALK,DNa02,GROOM,active
LC10a,234,all,234,10.0,0.000,0.000,0.000,1.000,0.000,286
LC10a,234,all,234,25.0,0.000,0.000,0.000,18.500,0.000,352
LC10a,234,all,234,50.0,0.000,0.000,0.000,22.000,0.000,484
LC10a,234,all,234,100.0,0.000,0.000,0.000,23.000,0.000,653
LC10a,234,frontal,86,10.0,0.000,0.000,0.000,26.000,0.000,231
LC10a,234,frontal,86,25.0,0.750,0.000,0.000,50.000,0.000,292
LC10a,234,frontal,86,50.0,3.500,0.000,0.000,74.500,0.000,387
LC10a,234,frontal,86,100.0,7.750,0.000,0.000,104.500,0.000,9289
LC10b,84,all,84,10.0,0.000,0.000,0.000,0.000,0.000,86
LC10b,84,all,84,25.0,0.000,0.000,0.000,0.000,0.000,129
LC10b,84,all,84,50.0,0.000,0.000,0.000,1.000,0.000,176
LC10b,84,all,84,100.0,0.000,0.000,0.000,4.500,0.000,308
LC10b,84,frontal,44,10.0,0.000,0.000,0.000,0.000,0.000,47
LC10b,84,frontal,44,25.0,0.000,0.000,0.000,0.000,0.000,63
LC10b,84,frontal,44,50.0,0.000,0.000,0.000,4.000,0.000,101
LC10b,84,frontal,44,100.0,0.000,0.000,0.250,13.000,0.000,201
LC10c-1,102,all,102,10.0,0.000,0.000,0.000,0.500,0.000,111
LC10c-1,102,all,102,25.0,0.000,0.000,0.000,0.000,0.000,118
LC10c-1,102,all,102,50.0,0.000,0.000,0.000,0.000,0.000,156
LC10c-1,102,all,102,100.0,0.000,0.000,0.000,26.500,0.000,272
LC10c-1,102,frontal,41,10.0,0.000,0.000,0.000,0.000,0.000,41
LC10c-1,102,frontal,41,25.0,0.000,0.000,0.000,2.000,0.000,51
LC10c-1,102,frontal,41,50.0,0.000,0.000,0.000,9.000,0.000,84
LC10c-1,102,frontal,41,100.0,0.000,0.000,0.000,34.500,0.000,131
LC10c-2,101,all,101,10.0,0.000,0.000,0.000,24.500,0.000,168
LC10c-2,101,all,101,25.0,0.000,0.000,0.000,37.000,0.000,229
LC10c-2,101,all,101,50.0,0.000,0.000,0.000,55.500,0.000,293
LC10c-2,101,all,101,100.0,0.000,0.000,1.000,77.500,0.000,9927
LC10c-2,101,frontal,34,10.0,0.000,0.000,0.000,14.500,0.000,65
LC10c-2,101,frontal,34,25.0,0.000,0.000,0.000,44.500,0.000,155
LC10c-2,101,frontal,34,50.0,0.000,0.000,0.000,56.500,0.000,214
LC10c-2,101,frontal,34,100.0,0.000,0.000,0.000,79.500,0.000,290
LC10d,188,all,188,10.0,0.000,0.000,0.000,0.000,0.000,194
LC10d,188,all,188,25.0,0.000,0.000,0.000,2.500,0.000,234
LC10d,188,all,188,50.0,0.000,0.000,0.000,55.000,0.000,430
LC10d,188,all,188,100.0,0.000,0.000,0.000,66.000,0.000,695
LC10d,188,frontal,56,10.0,0.000,0.000,0.000,0.000,0.000,60
LC10d,188,frontal,56,25.0,0.000,0.000,0.000,0.500,0.000,71
LC10d,188,frontal,56,50.0,0.000,0.000,0.000,24.000,0.000,119
LC10d,188,frontal,56,100.0,0.000,0.000,0.000,64.000,0.000,262
LC10e,103,all,103,10.0,0.000,0.000,0.000,0.000,0.000,103
LC10e,103,all,103,25.0,0.000,0.000,0.000,8.500,0.000,175
LC10e,103,all,103,50.0,0.000,0.000,0.000,16.500,0.000,226
LC10e,103,all,103,100.0,0.000,0.000,0.000,33.500,0.000,329
LC10e,103,frontal,49,10.0,0.000,0.000,0.000,0.000,0.000,49
LC10e,103,frontal,49,25.0,0.000,0.000,0.000,0.000,0.000,50
LC10e,103,frontal,49,50.0,0.000,0.000,0.000,28.500,0.000,201
LC10e,103,frontal,49,100.0,0.500,0.000,0.000,60.500,0.000,245
LC10f,4,all,4,10.0,0.000,0.000,0.000,0.000,0.000,4
LC10f,4,all,4,25.0,0.000,0.000,0.000,0.000,0.000,4
LC10f,4,all,4,50.0,0.000,0.000,0.000,0.000,0.000,4
LC10f,4,all,4,100.0,0.000,0.000,0.000,0.000,0.000,4
LC10f,4,frontal,4,10.0,0.000,0.000,0.000,0.000,0.000,4
LC10f,4,frontal,4,25.0,0.000,0.000,0.000,0.000,0.000,4
LC10f,4,frontal,4,50.0,0.000,0.000,0.000,0.000,0.000,4
LC10f,4,frontal,4,100.0,0.000,0.000,0.000,0.000,0.000,4
LC11,127,all,127,10.0,0.000,0.000,0.000,0.000,0.000,172
LC11,127,all,127,25.0,0.000,0.000,0.000,9.500,0.000,284
LC11,127,all,127,50.0,0.000,0.000,0.000,34.000,0.000,609
LC11,127,all,127,100.0,0.000,0.000,0.000,48.000,0.000,983
LC11,127,frontal,50,10.0,0.000,0.000,0.000,0.000,0.000,90
LC11,127,frontal,50,25.0,0.000,0.000,0.250,0.000,0.000,106
LC11,127,frontal,50,50.0,0.000,0.000,0.000,0.000,0.000,123
LC11,127,frontal,50,100.0,0.000,0.000,0.000,10.000,0.000,210
LC12,380,all,380,10.0,0.000,0.000,0.000,1.500,0.000,519
LC12,380,all,380,25.0,0.000,1.500,0.000,5.500,0.000,928
LC12,380,all,380,50.0,0.000,1.000,0.000,15.500,0.000,1312
LC12,380,all,380,100.0,0.000,0.000,0.000,15.500,0.000,1542
LC12,380,frontal,179,10.0,0.000,0.000,0.000,0.000,0.000,228
LC12,380,frontal,179,25.0,0.000,0.000,0.000,0.000,0.000,367
LC12,380,frontal,179,50.0,0.000,3.000,0.000,7.500,0.000,653
LC12,380,frontal,179,100.0,0.000,0.000,0.000,10.000,0.000,1038
LC13,145,all,145,10.0,0.000,0.000,0.000,0.000,0.000,166
LC13,145,all,145,25.0,0.000,0.000,11.000,0.000,0.000,253
LC13,145,all,145,50.0,0.000,0.000,21.750,2.500,0.000,459
LC13,145,all,145,100.0,0.750,0.500,31.000,27.000,0.000,1356
LC13,145,frontal,70,10.0,0.000,0.000,0.000,0.000,0.000,82
LC13,145,frontal,70,25.0,0.000,0.000,1.750,0.000,0.000,106
LC13,145,frontal,70,50.0,0.000,0.000,13.250,0.000,0.000,188
LC13,145,frontal,70,100.0,0.000,0.000,22.000,6.000,0.000,533
LC15,106,all,106,10.0,0.000,0.000,0.000,1.000,0.000,280
LC15,106,all,106,25.0,0.250,35.000,0.000,22.500,0.000,864
LC15,106,all,106,50.0,1.750,74.000,0.000,34.000,0.000,1092
LC15,106,all,106,100.0,3.500,106.500,0.000,38.000,0.000,1805
LC15,106,frontal,45,10.0,0.000,0.000,0.000,0.000,0.000,108
LC15,106,frontal,45,25.0,0.000,0.500,0.000,2.000,0.000,271
LC15,106,frontal,45,50.0,0.000,30.000,0.000,19.500,0.000,802
LC15,106,frontal,45,100.0,0.250,70.000,0.000,31.500,0.000,1002
LC16,151,all,151,10.0,0.000,0.000,0.000,0.000,0.000,171
LC16,151,all,151,25.0,0.000,0.000,0.000,0.000,0.000,203
LC16,151,all,151,50.0,0.000,0.000,0.750,2.500,0.000,285
LC16,151,all,151,100.0,23.500,0.000,11.250,31.000,0.000,836
LC16,151,frontal,48,10.0,0.000,0.000,0.000,0.000,0.000,59
LC16,151,frontal,48,25.0,0.000,0.000,0.000,0.000,0.000,69
LC16,151,frontal,48,50.0,0.000,0.000,0.000,0.000,0.000,90
LC16,151,frontal,48,100.0,0.000,0.000,0.500,0.000,0.000,122
LC17,276,all,276,10.0,0.000,78.500,0.000,5.500,0.000,699
LC17,276,all,276,25.0,0.000,131.000,0.000,13.000,0.000,976
LC17,276,all,276,50.0,0.000,154.500,0.000,8.500,0.000,1841
LC17,276,all,276,100.0,0.000,177.500,0.000,2.500,0.000,2176
LC17,276,frontal,71,10.0,0.000,6.500,0.000,3.000,0.000,350
LC17,276,frontal,71,25.0,0.000,43.000,0.000,0.000,0.000,302
LC17,276,frontal,71,50.0,0.000,83.500,0.000,14.500,0.000,532
LC17,276,frontal,71,100.0,0.000,114.000,0.000,24.500,0.000,676
LC18,188,all,188,10.0,0.000,0.000,0.000,0.000,0.000,310
LC18,188,all,188,25.0,1.500,0.500,0.500,33.500,0.000,865
LC18,188,all,188,50.0,0.000,0.000,1.500,41.500,0.000,10449
LC18,188,all,188,100.0,0.000,0.500,0.500,28.000,0.000,10669
LC18,188,frontal,67,10.0,0.000,0.000,0.000,0.000,0.000,98
LC18,188,frontal,67,25.0,0.000,0.000,0.000,0.500,0.000,221
LC18,188,frontal,67,50.0,0.000,0.000,0.000,10.000,0.000,496
LC18,188,frontal,67,100.0,0.000,0.000,0.000,26.500,0.000,743
LC19,15,all,15,10.0,0.000,0.000,0.000,0.000,0.000,24
LC19,15,all,15,25.0,0.000,0.000,0.000,0.000,0.000,36
LC19,15,all,15,50.0,0.000,0.000,0.000,0.500,0.000,61
LC19,15,all,15,100.0,0.000,0.000,0.000,16.500,0.000,203
LC19,15,frontal,5,10.0,0.000,0.000,0.000,0.000,0.000,6
LC19,15,frontal,5,25.0,0.000,0.000,0.000,0.000,0.000,14
LC19,15,frontal,5,50.0,0.000,0.000,0.000,0.000,0.000,18
LC19,15,frontal,5,100.0,0.000,0.000,0.000,0.000,0.000,31
LC20a,46,all,46,10.0,0.000,0.000,0.000,0.000,0.000,48
LC20a,46,all,46,25.0,0.000,0.000,0.000,0.000,0.000,52
LC20a,46,all,46,50.0,0.000,0.000,0.000,1.500,0.000,72
LC20a,46,all,46,100.0,0.000,0.000,0.000,13.500,0.000,181
LC20a,46,frontal,12,10.0,0.000,0.000,0.000,0.000,0.000,12
LC20a,46,frontal,12,25.0,0.000,0.000,0.000,0.000,0.000,12
LC20a,46,frontal,12,50.0,0.000,0.000,0.000,0.000,0.000,16
LC20a,46,frontal,12,100.0,0.000,0.000,0.000,0.000,0.000,31
LC20b,46,all,46,10.0,0.000,0.000,0.000,0.000,0.000,46
LC20b,46,all,46,25.0,0.000,0.000,0.000,0.000,0.000,46
LC20b,46,all,46,50.0,0.000,0.000,0.000,0.000,0.000,46
LC20b,46,all,46,100.0,0.000,0.000,0.000,0.000,0.000,48
LC20b,46,frontal,18,10.0,0.000,0.000,0.000,0.000,0.000,18
LC20b,46,frontal,18,25.0,0.000,0.000,0.000,0.000,0.000,18
LC20b,46,frontal,18,50.0,0.000,0.000,0.000,0.000,0.000,18
LC20b,46,frontal,18,100.0,0.000,0.000,0.000,0.000,0.000,18
LC21,130,all,130,10.0,0.000,0.000,0.000,0.000,0.000,193
LC21,130,all,130,25.0,0.000,0.000,0.000,0.000,0.000,262
LC21,130,all,130,50.0,0.000,0.000,0.000,0.500,0.000,434
LC21,130,all,130,100.0,0.000,0.000,0.250,29.000,0.000,803
LC21,130,frontal,59,10.0,0.000,0.000,0.000,0.000,0.000,80
LC21,130,frontal,59,25.0,0.000,0.000,0.000,0.000,0.000,123
LC21,130,frontal,59,50.0,0.000,0.000,0.000,0.000,0.000,176
LC21,130,frontal,59,100.0,0.000,0.000,0.000,1.000,0.000,335
LC22,89,all,89,10.0,0.000,0.000,0.000,2.000,0.000,133
LC22,89,all,89,25.0,0.000,0.000,0.000,22.500,0.000,220
LC22,89,all,89,50.0,0.000,0.000,0.000,33.000,0.000,336
LC22,89,all,89,100.0,16.500,0.000,0.000,32.000,0.000,571
LC22,89,frontal,36,10.0,0.000,0.000,0.000,0.000,0.000,36
LC22,89,frontal,36,25.0,0.000,0.000,0.000,0.000,0.000,53
LC22,89,frontal,36,50.0,0.000,0.000,0.000,0.000,0.000,82
LC22,89,frontal,36,100.0,0.000,0.000,0.000,0.000,0.000,121
LC24,75,all,75,10.0,0.000,0.000,0.000,0.000,0.000,78
LC24,75,all,75,25.0,0.000,0.000,0.000,0.000,0.000,81
LC24,75,all,75,50.0,0.000,0.000,0.000,0.500,0.000,92
LC24,75,all,75,100.0,0.000,0.000,0.000,22.000,0.000,170
LC24,75,frontal,23,10.0,0.000,0.000,0.000,0.000,0.000,23
LC24,75,frontal,23,25.0,0.000,0.000,0.000,0.000,0.000,24
LC24,75,frontal,23,50.0,0.000,0.000,0.000,0.500,0.000,32
LC24,75,frontal,23,100.0,0.000,0.000,0.000,13.500,0.000,35
LC25,60,all,60,10.0,0.000,0.000,0.000,0.000,0.000,60
LC25,60,all,60,25.0,0.000,0.000,0.000,0.000,0.000,60
LC25,60,all,60,50.0,0.000,0.000,0.000,0.000,0.000,60
LC25,60,all,60,100.0,0.000,0.000,0.000,0.000,0.000,60
LC25,60,frontal,35,10.0,0.000,0.000,0.000,0.000,0.000,35
LC25,60,frontal,35,25.0,0.000,0.000,0.000,0.000,0.000,35
LC25,60,frontal,35,50.0,0.000,0.000,0.000,0.000,0.000,35
LC25,60,frontal,35,100.0,0.000,0.000,0.000,0.000,0.000,35
LC26,57,all,57,10.0,0.000,0.000,0.000,0.000,0.000,63
LC26,57,all,57,25.0,0.000,0.000,0.000,0.000,0.000,81
LC26,57,all,57,50.0,0.000,0.000,0.000,0.000,0.000,105
LC26,57,all,57,100.0,0.000,0.000,0.000,0.000,0.000,133
LC26,57,frontal,27,10.0,0.000,0.000,0.000,0.000,0.000,29
LC26,57,frontal,27,25.0,0.000,0.000,0.000,0.000,0.000,35
LC26,57,frontal,27,50.0,0.000,0.000,0.000,0.000,0.000,47
LC26,57,frontal,27,100.0,0.000,0.000,0.000,0.000,0.000,69
LC27,37,all,37,10.0,0.000,0.000,0.000,0.000,0.000,38
LC27,37,all,37,25.0,0.000,0.000,0.000,0.000,0.000,43
LC27,37,all,37,50.0,0.000,0.000,0.000,0.000,0.000,49
LC27,37,all,37,100.0,0.000,0.000,0.000,0.000,0.000,64
LC27,37,frontal,9,10.0,0.000,0.000,0.000,0.000,0.000,9
LC27,37,frontal,9,25.0,0.000,0.000,0.000,0.000,0.000,12
LC27,37,frontal,9,50.0,0.000,0.000,0.000,0.000,0.000,14
LC27,37,frontal,9,100.0,0.000,0.000,0.000,0.000,0.000,19
LC28a,45,all,45,10.0,0.000,0.000,0.000,0.000,0.000,45
LC28a,45,all,45,25.0,0.000,0.000,0.000,0.000,0.000,53
LC28a,45,all,45,50.0,0.000,0.000,0.000,1.500,0.000,121
LC28a,45,all,45,100.0,0.000,0.000,1.000,18.500,0.000,386
LC28a,45,frontal,17,10.0,0.000,0.000,0.000,0.000,0.000,17
LC28a,45,frontal,17,25.0,0.000,0.000,0.000,0.000,0.000,20
LC28a,45,frontal,17,50.0,0.000,0.000,0.000,0.000,0.000,32
LC28a,45,frontal,17,100.0,0.000,0.000,0.000,11.000,0.000,169
LC28b,16,all,16,10.0,0.000,0.000,0.000,0.000,0.000,16
LC28b,16,all,16,25.0,0.000,0.000,0.000,0.000,0.000,16
LC28b,16,all,16,50.0,0.000,0.000,0.000,0.000,0.000,16
LC28b,16,all,16,100.0,0.000,0.000,0.000,0.000,0.000,22
LC28b,16,frontal,5,10.0,0.000,0.000,0.000,0.000,0.000,5
LC28b,16,frontal,5,25.0,0.000,0.000,0.000,0.000,0.000,5
LC28b,16,frontal,5,50.0,0.000,0.000,0.000,0.000,0.000,5
LC28b,16,frontal,5,100.0,0.000,0.000,0.000,0.000,0.000,5
LC28c,24,all,24,10.0,0.000,0.000,0.000,0.000,0.000,24
LC28c,24,all,24,25.0,0.000,0.000,0.000,0.000,0.000,24
LC28c,24,all,24,50.0,0.000,0.000,0.000,0.000,0.000,26
LC28c,24,all,24,100.0,0.000,0.000,0.000,0.000,0.000,32
LC28c,24,frontal,12,10.0,0.000,0.000,0.000,0.000,0.000,12
LC28c,24,frontal,12,25.0,0.000,0.000,0.000,0.000,0.000,12
LC28c,24,frontal,12,50.0,0.000,0.000,0.000,0.000,0.000,12
LC28c,24,frontal,12,100.0,0.000,0.000,0.000,0.000,0.000,15
LC28d,18,all,18,10.0,0.000,0.000,0.000,0.000,0.000,18
LC28d,18,all,18,25.0,0.000,0.000,0.000,0.000,0.000,18
LC28d,18,all,18,50.0,0.000,0.000,0.000,0.000,0.000,22
LC28d,18,all,18,100.0,0.000,0.000,0.000,0.000,0.000,45
LC28d,18,frontal,3,10.0,0.000,0.000,0.000,0.000,0.000,3
LC28d,18,frontal,3,25.0,0.000,0.000,0.000,0.000,0.000,3
LC28d,18,frontal,3,50.0,0.000,0.000,0.000,0.000,0.000,3
LC28d,18,frontal,3,100.0,0.000,0.000,0.000,0.000,0.000,6
LC29,45,all,45,10.0,0.000,0.000,0.000,0.000,0.000,45
LC29,45,all,45,25.0,0.000,0.000,0.000,0.000,0.000,47
LC29,45,all,45,50.0,0.000,0.000,0.000,0.000,0.000,85
LC29,45,all,45,100.0,0.000,0.000,0.000,0.500,0.000,183
LC29,45,frontal,16,10.0,0.000,0.000,0.000,0.000,0.000,16
LC29,45,frontal,16,25.0,0.000,0.000,0.000,0.000,0.000,16
LC29,45,frontal,16,50.0,0.000,0.000,0.000,0.000,0.000,16
LC29,45,frontal,16,100.0,0.000,0.000,0.000,0.000,0.000,25
LC31a,35,all,35,10.0,0.000,0.000,3.000,0.000,0.000,108
LC31a,35,all,35,25.0,0.000,0.000,18.750,2.000,0.000,224
LC31a,35,all,35,50.0,0.500,9.500,28.000,31.500,0.000,771
LC31a,35,all,35,100.0,0.000,44.000,48.000,49.000,0.000,1363
LC31a,35,frontal,35,10.0,0.000,0.000,3.000,0.000,0.000,108
LC31a,35,frontal,35,25.0,0.000,0.000,18.750,2.000,0.000,224
LC31a,35,frontal,35,50.0,0.500,9.500,28.000,31.500,0.000,771
LC31a,35,frontal,35,100.0,0.000,44.000,48.000,49.000,0.000,1363
LC31b,10,all,10,10.0,0.000,0.000,0.000,0.000,0.000,38
LC31b,10,all,10,25.0,0.000,0.000,0.250,0.000,0.000,67
LC31b,10,all,10,50.0,0.000,0.000,3.750,1.000,0.000,121
LC31b,10,all,10,100.0,0.000,0.000,14.750,14.500,0.000,251
LC31b,10,frontal,10,10.0,0.000,0.000,0.000,0.000,0.000,38
LC31b,10,frontal,10,25.0,0.000,0.000,0.250,0.000,0.000,67
LC31b,10,frontal,10,50.0,0.000,0.000,3.750,1.000,0.000,121
LC31b,10,frontal,10,100.0,0.000,0.000,14.750,14.500,0.000,251
LC33,29,all,29,10.0,0.000,0.000,0.000,0.000,0.000,29
LC33,29,all,29,25.0,0.000,0.000,0.000,0.000,0.000,29
LC33,29,all,29,50.0,0.000,0.000,0.000,0.000,0.000,29
LC33,29,all,29,100.0,0.000,0.000,0.000,0.000,0.000,29
LC33,29,frontal,4,10.0,0.000,0.000,0.000,0.000,0.000,4
LC33,29,frontal,4,25.0,0.000,0.000,0.000,0.000,0.000,4
LC33,29,frontal,4,50.0,0.000,0.000,0.000,0.000,0.000,4
LC33,29,frontal,4,100.0,0.000,0.000,0.000,0.000,0.000,4
LC34,14,all,14,10.0,0.000,0.000,0.000,0.000,0.000,14
LC34,14,all,14,25.0,0.000,0.000,0.000,0.000,0.000,19
LC34,14,all,14,50.0,0.000,0.000,0.000,0.000,0.000,29
LC34,14,all,14,100.0,0.000,0.000,0.000,0.500,0.000,60
LC34,14,frontal,4,10.0,0.000,0.000,0.000,0.000,0.000,4
LC34,14,frontal,4,25.0,0.000,0.000,0.000,0.000,0.000,5
LC34,14,frontal,4,50.0,0.000,0.000,0.000,0.000,0.000,5
LC34,14,frontal,4,100.0,0.000,0.000,0.000,0.000,0.000,21
LC35,8,all,8,10.0,0.000,0.000,0.000,0.000,0.000,8
LC35,8,all,8,25.0,0.000,0.000,0.000,0.000,0.000,9
LC35,8,all,8,50.0,0.000,0.000,0.000,0.000,0.000,11
LC35,8,all,8,100.0,0.000,0.000,0.000,0.000,0.000,14
LC36,35,all,35,10.0,0.000,0.000,0.000,0.000,0.000,45
LC36,35,all,35,25.0,0.000,0.000,0.000,5.500,0.000,107
LC36,35,all,35,50.0,0.000,0.000,0.000,6.500,0.000,186
LC36,35,all,35,100.0,0.000,0.000,0.000,17.500,0.000,241
LC36,35,frontal,16,10.0,0.000,0.000,0.000,0.000,0.000,19
LC36,35,frontal,16,25.0,0.000,0.000,0.000,2.000,0.000,71
LC36,35,frontal,16,50.0,0.000,0.000,0.000,10.500,0.000,94
LC36,35,frontal,16,100.0,0.000,0.000,0.000,32.500,0.000,184
LC37,18,all,18,10.0,0.000,0.000,0.000,0.000,0.000,18
LC37,18,all,18,25.0,0.000,0.000,0.000,0.000,0.000,18
LC37,18,all,18,50.0,0.000,0.000,0.000,0.000,0.000,18
LC37,18,all,18,100.0,0.000,0.000,0.000,0.000,0.000,18
LC37,18,frontal,6,10.0,0.000,0.000,0.000,0.000,0.000,6
LC37,18,frontal,6,25.0,0.000,0.000,0.000,0.000,0.000,6
LC37,18,frontal,6,50.0,0.000,0.000,0.000,0.000,0.000,6
LC37,18,frontal,6,100.0,0.000,0.000,0.000,0.000,0.000,6
LC39,8,all,8,10.0,0.000,0.000,0.000,0.000,0.000,8
LC39,8,all,8,25.0,0.000,0.000,0.000,0.000,0.000,8
LC39,8,all,8,50.0,0.000,0.000,0.000,0.000,0.000,8
LC39,8,all,8,100.0,0.000,0.000,0.000,0.000,0.000,8
LC4,104,all,104,10.0,0.000,0.500,0.000,0.000,0.000,139
LC4,104,all,104,25.0,0.000,11.000,0.000,0.000,0.000,216
LC4,104,all,104,50.0,0.000,26.000,0.000,2.000,0.000,344
LC4,104,all,104,100.0,0.500,70.500,0.000,4.500,0.000,505
LC4,104,frontal,47,10.0,0.000,0.000,0.000,0.000,0.000,58
LC4,104,frontal,47,25.0,0.000,0.500,0.000,0.000,0.000,87
LC4,104,frontal,47,50.0,0.000,6.000,0.000,0.000,0.000,139
LC4,104,frontal,47,100.0,0.000,24.500,0.000,1.500,0.000,254
LC40,37,all,37,10.0,0.000,0.000,0.000,0.000,0.000,39
LC40,37,all,37,25.0,0.000,0.000,0.000,0.000,0.000,43
LC40,37,all,37,50.0,0.000,0.000,0.000,0.000,0.000,61
LC40,37,all,37,100.0,0.000,0.000,0.000,0.000,0.000,113
LC40,37,frontal,15,10.0,0.000,0.000,0.000,0.000,0.000,17
LC40,37,frontal,15,25.0,0.000,0.000,0.000,0.000,0.000,17
LC40,37,frontal,15,50.0,0.000,0.000,0.000,0.000,0.000,18
LC40,37,frontal,15,100.0,0.000,0.000,0.000,0.000,0.000,31
LC41,12,all,12,10.0,0.000,0.000,0.000,0.000,0.000,12
LC41,12,all,12,25.0,0.000,0.000,0.000,0.000,0.000,15
LC41,12,all,12,50.0,0.000,0.000,0.000,0.000,0.000,19
LC41,12,all,12,100.0,0.000,0.000,0.000,0.000,0.000,45
LC41,12,frontal,8,10.0,0.000,0.000,0.000,0.000,0.000,8
LC41,12,frontal,8,25.0,0.000,0.000,0.000,0.000,0.000,10
LC41,12,frontal,8,50.0,0.000,0.000,0.000,0.000,0.000,13
LC41,12,frontal,8,100.0,0.000,0.000,0.000,0.000,0.000,21
LC43,12,all,12,10.0,0.000,0.000,0.000,0.000,0.000,12
LC43,12,all,12,25.0,0.000,0.000,0.000,0.000,0.000,12
LC43,12,all,12,50.0,0.000,0.000,0.000,0.000,0.000,32
LC43,12,all,12,100.0,0.000,0.000,0.000,0.000,0.000,68
LC44,4,all,4,10.0,0.000,0.000,0.000,0.000,0.000,5
LC44,4,all,4,25.0,0.000,0.000,0.000,0.000,0.000,7
LC44,4,all,4,50.0,0.000,0.000,0.000,0.000,0.000,9
LC44,4,all,4,100.0,0.000,0.000,0.000,0.000,0.000,13
LC45a,14,all,14,10.0,0.000,0.000,0.000,0.000,0.000,14
LC45a,14,all,14,25.0,0.000,0.000,0.000,0.000,0.000,19
LC45a,14,all,14,50.0,0.000,0.000,0.000,0.000,0.000,24
LC45a,14,all,14,100.0,0.000,0.000,0.000,0.000,0.000,27
LC45a,14,frontal,4,10.0,0.000,0.000,0.000,0.000,0.000,4
LC45a,14,frontal,4,25.0,0.000,0.000,0.000,0.000,0.000,4
LC45a,14,frontal,4,50.0,0.000,0.000,0.000,0.000,0.000,6
LC45a,14,frontal,4,100.0,0.000,0.000,0.000,0.000,0.000,10
LC45b,10,all,10,10.0,0.000,0.000,0.000,0.000,0.000,10
LC45b,10,all,10,25.0,0.000,0.000,0.000,0.000,0.000,10
LC45b,10,all,10,50.0,0.000,0.000,0.000,0.000,0.000,10
LC45b,10,all,10,100.0,0.000,0.000,0.000,0.000,0.000,10
LC46,14,all,14,10.0,0.000,0.000,0.000,0.000,0.000,14
LC46,14,all,14,25.0,0.000,0.000,0.000,0.000,0.000,14
LC46,14,all,14,50.0,0.000,0.000,0.000,1.000,0.000,46
LC46,14,all,14,100.0,0.000,0.000,0.000,13.000,0.000,94
LC46,14,frontal,4,10.0,0.000,0.000,0.000,0.000,0.000,4
LC46,14,frontal,4,25.0,0.000,0.000,0.000,0.000,0.000,4
LC46,14,frontal,4,50.0,0.000,0.000,0.000,0.000,0.000,5
LC46,14,frontal,4,100.0,0.000,0.000,0.000,0.000,0.000,5
LC6,125,all,125,10.0,0.000,18.500,0.000,0.000,0.000,162
LC6,125,all,125,25.0,0.000,85.500,0.000,0.000,0.000,305
LC6,125,all,125,50.0,3.750,151.500,0.000,7.000,0.000,611
LC6,125,all,125,100.0,35.000,193.500,0.000,2.000,0.000,807
LC6,125,frontal,51,10.0,0.000,2.500,0.000,0.000,0.000,65
LC6,125,frontal,51,25.0,0.000,22.500,0.000,0.000,0.000,88
LC6,125,frontal,51,50.0,0.000,62.500,0.000,0.000,0.000,219
LC6,125,frontal,51,100.0,0.000,123.500,0.000,0.000,0.000,284
LC9,179,all,179,10.0,0.000,3.500,2.000,3.500,0.000,429
LC9,179,all,179,25.0,0.000,1.000,2.000,0.000,0.000,622
LC9,179,all,179,50.0,0.000,0.000,2.500,0.000,0.000,814
LC9,179,all,179,100.0,6.000,0.000,5.750,0.500,0.000,1108
LC9,179,frontal,87,10.0,0.000,0.000,3.750,0.000,0.000,150
LC9,179,frontal,87,25.0,0.000,3.000,9.500,0.000,0.000,232
LC9,179,frontal,87,50.0,0.000,0.000,14.500,1.500,0.000,466
LC9,179,frontal,87,100.0,0.000,0.000,23.750,0.000,0.000,636
LCe01a,22,all,22,10.0,0.000,0.000,0.000,0.000,0.000,22
LCe01a,22,all,22,25.0,0.000,0.000,0.000,0.000,0.000,22
LCe01a,22,all,22,50.0,0.000,0.000,0.000,0.000,0.000,22
LCe01a,22,all,22,100.0,0.000,0.000,0.000,0.000,0.000,22
LCe01a,22,frontal,7,10.0,0.000,0.000,0.000,0.000,0.000,7
LCe01a,22,frontal,7,25.0,0.000,0.000,0.000,0.000,0.000,7
LCe01a,22,frontal,7,50.0,0.000,0.000,0.000,0.000,0.000,7
LCe01a,22,frontal,7,100.0,0.000,0.000,0.000,0.000,0.000,7
LCe01b,45,all,45,10.0,0.000,0.000,0.000,0.000,0.000,45
LCe01b,45,all,45,25.0,0.000,0.000,0.000,0.000,0.000,45
LCe01b,45,all,45,50.0,0.000,0.000,0.000,0.000,0.000,45
LCe01b,45,all,45,100.0,0.000,0.000,0.000,0.000,0.000,45
LCe01b,45,frontal,21,10.0,0.000,0.000,0.000,0.000,0.000,21
LCe01b,45,frontal,21,25.0,0.000,0.000,0.000,0.000,0.000,21
LCe01b,45,frontal,21,50.0,0.000,0.000,0.000,0.000,0.000,21
LCe01b,45,frontal,21,100.0,0.000,0.000,0.000,0.000,0.000,21
LCe02,53,all,53,10.0,0.000,0.000,0.000,0.000,0.000,55
LCe02,53,all,53,25.0,0.000,0.000,0.000,0.000,0.000,58
LCe02,53,all,53,50.0,0.000,0.000,0.000,0.000,0.000,66
LCe02,53,all,53,100.0,0.000,0.000,0.000,0.000,0.000,87
LCe02,53,frontal,23,10.0,0.000,0.000,0.000,0.000,0.000,23
LCe02,53,frontal,23,25.0,0.000,0.000,0.000,0.000,0.000,24
LCe02,53,frontal,23,50.0,0.000,0.000,0.000,0.000,0.000,27
LCe02,53,frontal,23,100.0,0.000,0.000,0.000,0.000,0.000,34
LCe03,37,all,37,10.0,0.000,0.000,0.000,0.000,0.000,37
LCe03,37,all,37,25.0,0.000,0.000,0.000,0.000,0.000,37
LCe03,37,all,37,50.0,0.000,0.000,0.000,0.000,0.000,37
LCe03,37,all,37,100.0,0.000,0.000,0.000,0.000,0.000,37
LCe03,37,frontal,10,10.0,0.000,0.000,0.000,0.000,0.000,10
LCe03,37,frontal,10,25.0,0.000,0.000,0.000,0.000,0.000,10
LCe03,37,frontal,10,50.0,0.000,0.000,0.000,0.000,0.000,10
LCe03,37,frontal,10,100.0,0.000,0.000,0.000,0.000,0.000,10
LCe04,37,all,37,10.0,0.000,0.000,0.000,0.000,0.000,37
LCe04,37,all,37,25.0,0.000,0.000,0.500,0.000,0.000,58
LCe04,37,all,37,50.0,0.000,3.500,7.250,17.500,0.000,286
LCe04,37,all,37,100.0,0.000,32.500,14.500,26.000,0.000,376
LCe04,37,frontal,29,10.0,0.000,0.000,0.000,0.000,0.000,29
LCe04,37,frontal,29,25.0,0.000,0.000,0.750,0.500,0.000,41
LCe04,37,frontal,29,50.0,0.000,0.000,7.500,13.500,0.000,169
LCe04,37,frontal,29,100.0,0.000,28.000,14.750,22.500,0.000,298
LCe05,19,all,19,10.0,0.000,0.000,0.000,0.000,0.000,19
LCe05,19,all,19,25.0,0.000,0.000,0.000,0.000,0.000,19
LCe05,19,all,19,50.0,0.000,0.000,0.000,0.000,0.000,19
LCe05,19,all,19,100.0,0.000,0.000,0.000,0.000,0.000,19
LCe05,19,frontal,11,10.0,0.000,0.000,0.000,0.000,0.000,11
LCe05,19,frontal,11,25.0,0.000,0.000,0.000,0.000,0.000,11
LCe05,19,frontal,11,50.0,0.000,0.000,0.000,0.000,0.000,11
LCe05,19,frontal,11,100.0,0.000,0.000,0.000,0.000,0.000,11
LCe06,11,all,11,10.0,0.000,0.000,0.000,0.000,0.000,15
LCe06,11,all,11,25.0,0.000,0.000,0.000,0.000,0.000,24
LCe06,11,all,11,50.0,0.000,0.000,0.000,0.000,0.000,27
LCe06,11,all,11,100.0,0.000,0.000,0.000,13.500,0.000,80
LCe06,11,frontal,4,10.0,0.000,0.000,0.000,0.000,0.000,4
LCe06,11,frontal,4,25.0,0.000,0.000,0.000,0.000,0.000,7
LCe06,11,frontal,4,50.0,0.000,0.000,0.000,0.000,0.000,18
LCe06,11,frontal,4,100.0,0.000,0.000,0.000,0.000,0.000,25
LCe07,10,all,10,10.0,0.000,0.000,0.000,0.000,0.000,19
LCe07,10,all,10,25.0,0.000,0.000,0.000,0.000,0.000,65
LCe07,10,all,10,50.0,0.000,0.000,0.000,0.000,0.000,105
LCe07,10,all,10,100.0,0.500,0.000,0.000,3.500,0.000,261
LCe07,10,frontal,2,10.0,0.000,0.000,0.000,0.000,0.000,2
LCe07,10,frontal,2,25.0,0.000,0.000,0.000,0.000,0.000,3
LCe07,10,frontal,2,50.0,0.000,0.000,0.000,0.000,0.000,8
LCe07,10,frontal,2,100.0,0.000,0.000,0.000,0.000,0.000,25
LCe08,5,all,5,10.0,0.000,0.000,0.000,0.000,0.000,5
LCe08,5,all,5,25.0,0.000,0.000,0.000,0.000,0.000,5
LCe08,5,all,5,50.0,0.000,0.000,0.000,0.000,0.000,5
LCe08,5,all,5,100.0,0.000,0.000,0.000,0.000,0.000,5
LCe08,5,frontal,2,10.0,0.000,0.000,0.000,0.000,0.000,2
LCe08,5,frontal,2,25.0,0.000,0.000,0.000,0.000,0.000,2
LCe08,5,frontal,2,50.0,0.000,0.000,0.000,0.000,0.000,2
LCe08,5,frontal,2,100.0,0.000,0.000,0.000,0.000,0.000,2
LCe09,16,all,16,10.0,0.000,0.000,0.000,0.000,0.000,16
LCe09,16,all,16,25.0,0.000,0.000,0.000,0.000,0.000,16
LCe09,16,all,16,50.0,0.000,0.000,0.000,0.000,0.000,17
LCe09,16,all,16,100.0,0.000,0.000,0.000,0.000,0.000,21
LCe09,16,frontal,2,10.0,0.000,0.000,0.000,0.000,0.000,2
LCe09,16,frontal,2,25.0,0.000,0.000,0.000,0.000,0.000,2
LCe09,16,frontal,2,50.0,0.000,0.000,0.000,0.000,0.000,2
LCe09,16,frontal,2,100.0,0.000,0.000,0.000,0.000,0.000,2
LLPC1,219,all,219,10.0,0.000,0.000,0.000,16.500,0.000,516
LLPC1,219,all,219,25.0,0.000,0.000,0.000,45.500,0.000,764
LLPC1,219,all,219,50.0,0.000,0.000,0.000,79.000,0.000,1807
LLPC1,219,all,219,100.0,0.000,0.000,0.000,119.500,0.000,2147
LLPC1,219,frontal,88,10.0,0.000,0.000,0.000,0.000,0.000,110
LLPC1,219,frontal,88,25.0,0.000,0.000,0.000,3.000,0.000,234
LLPC1,219,frontal,88,50.0,0.000,0.000,0.000,20.000,0.000,432
LLPC1,219,frontal,88,100.0,0.000,0.000,0.000,53.500,0.000,691
LLPC2,235,all,235,10.0,0.000,0.000,0.000,0.000,0.000,286
LLPC2,235,all,235,25.0,0.000,0.000,0.000,2.000,0.000,498
LLPC2,235,all,235,50.0,0.000,0.000,0.000,36.000,0.000,872
LLPC2,235,all,235,100.0,0.500,0.000,0.000,58.500,0.000,1810
LLPC2,235,frontal,83,10.0,0.000,0.000,0.000,0.000,0.000,94
LLPC2,235,frontal,83,25.0,0.000,0.000,0.000,0.000,0.000,168
LLPC2,235,frontal,83,50.0,0.000,0.000,0.000,3.500,0.000,365
LLPC2,235,frontal,83,100.0,1.250,0.000,0.000,30.000,0.000,650
LLPC3,204,all,204,10.0,0.000,0.000,0.000,0.000,0.000,271
LLPC3,204,all,204,25.0,0.000,0.000,0.750,1.500,0.000,568
LLPC3,204,all,204,50.0,0.000,0.000,5.500,30.500,0.000,830
LLPC3,204,all,204,100.0,1.500,0.000,9.250,43.000,0.000,1808
LLPC3,204,frontal,75,10.0,0.000,0.000,0.000,0.000,0.000,80
LLPC3,204,frontal,75,25.0,0.000,0.000,0.000,0.000,0.000,126
LLPC3,204,frontal,75,50.0,0.000,0.000,0.000,0.000,0.000,207
LLPC3,204,frontal,75,100.0,0.000,0.000,4.000,6.000,0.000,493
LLPC4,6,all,6,10.0,0.000,0.000,0.000,0.000,0.000,6
LLPC4,6,all,6,25.0,0.000,0.000,0.000,0.000,0.000,6
LLPC4,6,all,6,50.0,0.000,0.000,0.000,0.000,0.000,6
LLPC4,6,all,6,100.0,0.000,0.000,0.000,0.000,0.000,12
LMTe01,4,all,4,10.0,0.000,0.000,0.000,0.000,0.000,4
LMTe01,4,all,4,25.0,0.000,0.000,0.000,0.000,0.000,4
LMTe01,4,all,4,50.0,0.000,0.000,0.000,0.000,0.000,4
LMTe01,4,all,4,100.0,0.000,0.000,0.000,0.000,0.000,4
LMTe01,4,frontal,3,10.0,0.000,0.000,0.000,0.000,0.000,3
LMTe01,4,frontal,3,25.0,0.000,0.000,0.000,0.000,0.000,3
LMTe01,4,frontal,3,50.0,0.000,0.000,0.000,0.000,0.000,3
LMTe01,4,frontal,3,100.0,0.000,0.000,0.000,0.000,0.000,3
LPC1,164,all,164,10.0,0.000,0.000,0.000,4.000,0.000,320
LPC1,164,all,164,25.0,19.000,0.000,0.000,27.500,0.000,595
LPC1,164,all,164,50.0,36.500,0.000,0.000,19.500,0.000,822
LPC1,164,all,164,100.0,55.000,0.000,0.000,20.000,0.000,1198
LPC1,164,frontal,48,10.0,0.000,0.000,0.000,0.000,0.000,97
LPC1,164,frontal,48,25.0,0.000,0.000,0.000,8.500,0.000,276
LPC1,164,frontal,48,50.0,10.250,0.000,0.000,29.000,0.000,378
LPC1,164,frontal,48,100.0,27.750,0.000,0.000,26.500,0.000,550
LPC2,116,all,116,10.0,0.000,0.000,0.000,0.000,0.000,116
LPC2,116,all,116,25.0,0.000,0.000,0.000,0.000,0.000,128
LPC2,116,all,116,50.0,0.000,0.000,0.000,0.000,0.000,159
LPC2,116,all,116,100.0,0.000,0.000,0.000,0.000,0.000,294
LPC2,116,frontal,33,10.0,0.000,0.000,0.000,0.000,0.000,33
LPC2,116,frontal,33,25.0,0.000,0.000,0.000,0.000,0.000,35
LPC2,116,frontal,33,50.0,0.000,0.000,0.000,0.000,0.000,58
LPC2,116,frontal,33,100.0,0.000,0.000,0.000,0.000,0.000,99
LPLC1,140,all,140,10.0,0.000,6.000,0.000,16.500,0.000,937
LPLC1,140,all,140,25.0,0.000,2.000,1.000,21.500,0.000,10389
LPLC1,140,all,140,50.0,0.000,0.000,0.250,5.500,0.000,1714
LPLC1,140,all,140,100.0,0.000,0.000,0.250,6.000,0.000,2006
LPLC1,140,frontal,81,10.0,0.000,0.000,0.250,14.000,0.000,666
LPLC1,140,frontal,81,25.0,0.000,11.500,0.000,15.000,0.000,859
LPLC1,140,frontal,81,50.0,0.000,5.000,0.000,7.000,0.000,1528
LPLC1,140,frontal,81,100.0,0.000,0.500,0.000,7.000,0.000,1671
LPLC2,210,all,210,10.0,0.000,33.000,0.000,0.000,0.000,342
LPLC2,210,all,210,25.0,0.000,90.000,0.000,0.000,0.000,444
LPLC2,210,all,210,50.0,0.000,139.500,0.000,1.500,0.000,587
LPLC2,210,all,210,100.0,0.000,183.500,0.000,7.000,0.000,803
LPLC2,210,frontal,103,10.0,0.000,10.500,0.000,0.000,0.000,162
LPLC2,210,frontal,103,25.0,0.000,49.500,0.000,1.000,0.000,309
LPLC2,210,frontal,103,50.0,0.000,102.000,0.000,0.500,0.000,366
LPLC2,210,frontal,103,100.0,0.000,139.500,0.000,2.000,0.000,514
LPLC4,110,all,110,10.0,0.000,0.000,0.000,1.500,0.000,306
LPLC4,110,all,110,25.0,0.000,0.000,0.000,48.000,0.000,708
LPLC4,110,all,110,50.0,3.000,0.000,0.000,96.000,0.000,989
LPLC4,110,all,110,100.0,12.000,0.000,0.000,119.000,0.000,1333
LPLC4,110,frontal,41,10.0,0.000,0.000,0.000,0.000,0.000,55
LPLC4,110,frontal,41,25.0,0.000,0.000,0.000,0.000,0.000,124
LPLC4,110,frontal,41,50.0,0.000,0.000,0.000,3.000,0.000,307
LPLC4,110,frontal,41,100.0,0.000,0.000,0.000,25.500,0.000,684
LPT23,6,all,6,10.0,0.000,0.000,0.000,0.000,0.000,15
LPT23,6,all,6,25.0,0.000,0.000,0.000,0.000,0.000,38
LPT23,6,all,6,50.0,0.000,0.000,0.000,0.000,0.000,80
LPT23,6,all,6,100.0,0.000,0.000,0.000,2.000,0.000,154
LPT23,6,frontal,3,10.0,0.000,0.000,0.000,0.000,0.000,11
LPT23,6,frontal,3,25.0,0.000,0.000,0.000,0.000,0.000,21
LPT23,6,frontal,3,50.0,0.000,0.000,0.000,0.000,0.000,43
LPT23,6,frontal,3,100.0,0.000,0.000,0.000,2.000,0.000,92
LPT31,8,all,8,10.0,0.000,0.000,0.000,0.000,0.000,21
LPT31,8,all,8,25.0,0.000,0.000,0.000,0.000,0.000,66
LPT31,8,all,8,50.0,0.000,0.000,0.000,0.000,0.000,82
LPT31,8,all,8,100.0,0.000,0.000,0.000,7.500,0.000,156
LPT31,8,frontal,8,10.0,0.000,0.000,0.000,0.000,0.000,21
LPT31,8,frontal,8,25.0,0.000,0.000,0.000,0.000,0.000,66
LPT31,8,frontal,8,50.0,0.000,0.000,0.000,0.000,0.000,82
LPT31,8,frontal,8,100.0,0.000,0.000,0.000,7.500,0.000,156
LPTe01,38,all,38,10.0,0.000,0.000,0.000,0.000,0.000,46
LPTe01,38,all,38,25.0,0.000,0.000,0.000,0.000,0.000,101
LPTe01,38,all,38,50.0,0.000,0.000,0.000,3.000,0.000,176
LPTe01,38,all,38,100.0,0.250,0.000,0.000,18.500,0.000,390
LPTe01,38,frontal,15,10.0,0.000,0.000,0.000,0.000,0.000,41
LPTe01,38,frontal,15,25.0,0.000,0.000,0.000,0.000,0.000,61
LPTe01,38,frontal,15,50.0,0.000,0.000,0.000,0.500,0.000,81
LPTe01,38,frontal,15,100.0,0.000,0.000,0.000,6.500,0.000,255
LPTe02,11,all,11,10.0,0.000,0.000,0.000,0.000,0.000,11
LPTe02,11,all,11,25.0,0.000,0.000,0.000,0.000,0.000,11
LPTe02,11,all,11,50.0,0.000,0.000,0.000,0.000,0.000,13
LPTe02,11,all,11,100.0,0.000,0.000,0.000,0.000,0.000,17
LPTe02,11,frontal,2,10.0,0.000,0.000,0.000,0.000,0.000,2
LPTe02,11,frontal,2,25.0,0.000,0.000,0.000,0.000,0.000,2
LPTe02,11,frontal,2,50.0,0.000,0.000,0.000,0.000,0.000,2
LPTe02,11,frontal,2,100.0,0.000,0.000,0.000,0.000,0.000,2
LT43,4,all,4,10.0,0.000,0.000,0.000,0.000,0.000,4
LT43,4,all,4,25.0,0.000,0.000,0.000,0.000,0.000,4
LT43,4,all,4,50.0,0.000,0.000,0.000,0.000,0.000,4
LT43,4,all,4,100.0,0.000,0.000,0.000,0.000,0.000,4
LT51,22,all,22,10.0,0.000,0.000,0.000,0.000,0.000,22
LT51,22,all,22,25.0,0.000,0.000,0.000,0.000,0.000,22
LT51,22,all,22,50.0,0.000,0.000,0.000,0.000,0.000,22
LT51,22,all,22,100.0,0.000,0.000,0.000,0.000,0.000,22
LT51,22,frontal,14,10.0,0.000,0.000,0.000,0.000,0.000,14
LT51,22,frontal,14,25.0,0.000,0.000,0.000,0.000,0.000,14
LT51,22,frontal,14,50.0,0.000,0.000,0.000,0.000,0.000,14
LT51,22,frontal,14,100.0,0.000,0.000,0.000,0.000,0.000,14
LT52,31,all,31,10.0,0.000,0.000,0.000,0.000,0.000,31
LT52,31,all,31,25.0,0.000,0.000,0.000,0.000,0.000,31
LT52,31,all,31,50.0,0.000,0.000,0.000,0.000,0.000,31
LT52,31,all,31,100.0,0.000,0.000,0.000,0.000,0.000,31
LT52,31,frontal,8,10.0,0.000,0.000,0.000,0.000,0.000,8
LT52,31,frontal,8,25.0,0.000,0.000,0.000,0.000,0.000,8
LT52,31,frontal,8,50.0,0.000,0.000,0.000,0.000,0.000,8
LT52,31,frontal,8,100.0,0.000,0.000,0.000,0.000,0.000,8
"LT53,PLP098",8,all,8,10.0,0.000,0.000,0.000,0.000,0.000,11
"LT53,PLP098",8,all,8,25.0,0.000,0.000,0.000,0.000,0.000,18
"LT53,PLP098",8,all,8,50.0,0.000,0.000,0.000,8.000,0.000,79
"LT53,PLP098",8,all,8,100.0,0.000,0.000,0.000,23.000,0.000,143
LT57,22,all,22,10.0,0.000,0.000,0.000,0.000,0.000,24
LT57,22,all,22,25.0,0.000,0.000,0.000,0.000,0.000,28
LT57,22,all,22,50.0,0.000,0.000,0.000,0.500,0.000,72
LT57,22,all,22,100.0,0.000,0.000,0.000,1.500,0.000,111
LT57,22,frontal,6,10.0,0.000,0.000,0.000,0.000,0.000,7
LT57,22,frontal,6,25.0,0.000,0.000,0.000,0.000,0.000,8
LT57,22,frontal,6,50.0,0.000,0.000,0.000,0.000,0.000,10
LT57,22,frontal,6,100.0,0.000,0.000,0.000,4.000,0.000,17
LT63,4,all,4,10.0,0.000,0.000,0.000,0.000,0.000,5
LT63,4,all,4,25.0,0.000,0.000,0.000,0.000,0.000,7
LT63,4,all,4,50.0,0.000,0.000,0.000,1.000,0.000,30
LT63,4,all,4,100.0,0.000,0.000,0.000,6.000,0.000,99
LT64,4,all,4,10.0,0.000,0.000,0.000,0.000,0.000,4
LT64,4,all,4,25.0,0.000,0.000,0.000,0.000,0.000,4
LT64,4,all,4,50.0,0.000,0.000,0.000,0.000,0.000,4
LT64,4,all,4,100.0,0.000,0.000,0.000,0.000,0.000,4
LT68,4,all,4,10.0,0.000,0.000,0.000,0.000,0.000,4
LT68,4,all,4,25.0,0.000,0.000,0.000,0.000,0.000,4
LT68,4,all,4,50.0,0.000,0.000,0.000,0.000,0.000,4
LT68,4,all,4,100.0,0.000,0.000,0.000,0.000,0.000,4
LT73,4,all,4,10.0,0.000,0.000,0.000,0.000,0.000,4
LT73,4,all,4,25.0,0.000,0.000,0.000,0.000,0.000,4
LT73,4,all,4,50.0,0.000,0.000,0.000,0.000,0.000,4
LT73,4,all,4,100.0,0.000,0.000,0.000,0.000,0.000,4
LT74,5,all,5,10.0,0.000,0.000,0.000,0.000,0.000,5
LT74,5,all,5,25.0,0.000,0.000,0.000,0.000,0.000,5
LT74,5,all,5,50.0,0.000,0.000,0.000,0.000,0.000,5
LT74,5,all,5,100.0,0.000,0.000,0.000,0.000,0.000,5
LT77,6,all,6,10.0,0.000,0.000,0.000,0.000,0.000,6
LT77,6,all,6,25.0,0.000,0.000,0.000,0.000,0.000,6
LT77,6,all,6,50.0,0.000,0.000,0.000,0.000,0.000,6
LT77,6,all,6,100.0,0.000,0.000,0.000,0.000,0.000,6
LT77,6,frontal,2,10.0,0.000,0.000,0.000,0.000,0.000,2
LT77,6,frontal,2,25.0,0.000,0.000,0.000,0.000,0.000,2
LT77,6,frontal,2,50.0,0.000,0.000,0.000,0.000,0.000,2
LT77,6,frontal,2,100.0,0.000,0.000,0.000,0.000,0.000,2
LT78,8,all,8,10.0,0.000,0.000,0.000,0.000,0.000,8
LT78,8,all,8,25.0,0.000,0.000,0.000,0.000,0.000,8
LT78,8,all,8,50.0,0.000,0.000,0.000,0.000,0.000,8
LT78,8,all,8,100.0,0.000,0.000,0.000,0.000,0.000,8
LT78,8,frontal,2,10.0,0.000,0.000,0.000,0.000,0.000,2
LT78,8,frontal,2,25.0,0.000,0.000,0.000,0.000,0.000,2
LT78,8,frontal,2,50.0,0.000,0.000,0.000,0.000,0.000,2
LT78,8,frontal,2,100.0,0.000,0.000,0.000,0.000,0.000,2
LT80,4,all,4,10.0,0.000,0.000,0.000,0.000,0.000,4
LT80,4,all,4,25.0,0.000,0.000,0.000,0.000,0.000,9
LT80,4,all,4,50.0,0.000,0.000,0.000,0.000,0.000,22
LT80,4,all,4,100.0,0.000,0.000,0.000,0.000,0.000,30
LT80,4,frontal,2,10.0,0.000,0.000,0.000,0.000,0.000,2
LT80,4,frontal,2,25.0,0.000,0.000,0.000,0.000,0.000,2
LT80,4,frontal,2,50.0,0.000,0.000,0.000,0.000,0.000,2
LT80,4,frontal,2,100.0,0.000,0.000,0.000,0.000,0.000,16
LT81,11,all,11,10.0,0.000,0.000,0.000,0.000,0.000,11
LT81,11,all,11,25.0,0.000,0.000,0.000,0.000,0.000,14
LT81,11,all,11,50.0,0.000,0.000,0.000,0.500,0.000,22
LT81,11,all,11,100.0,0.000,0.000,0.000,15.000,0.000,32
LT81,11,frontal,11,10.0,0.000,0.000,0.000,0.000,0.000,11
LT81,11,frontal,11,25.0,0.000,0.000,0.000,0.000,0.000,14
LT81,11,frontal,11,50.0,0.000,0.000,0.000,0.500,0.000,22
LT81,11,frontal,11,100.0,0.000,0.000,0.000,15.000,0.000,32
LT82b,4,all,4,10.0,0.000,0.000,0.750,2.000,0.000,40
LT82b,4,all,4,25.0,0.000,0.000,1.500,6.500,0.000,91
LT82b,4,all,4,50.0,4.000,0.000,3.000,6.500,0.000,190
LT82b,4,all,4,100.0,23.500,0.000,6.750,13.000,0.000,351
LTe01,5,all,5,10.0,0.000,0.000,0.000,0.000,0.000,7
LTe01,5,all,5,25.0,0.000,0.000,0.000,0.000,0.000,8
LTe01,5,all,5,50.0,0.000,0.000,0.000,1.500,0.000,27
LTe01,5,all,5,100.0,0.000,0.000,0.000,14.500,0.000,78
LTe01,5,frontal,3,10.0,0.000,0.000,0.000,0.000,0.000,4
LTe01,5,frontal,3,25.0,0.000,0.000,0.000,0.000,0.000,6
LTe01,5,frontal,3,50.0,0.000,0.000,0.000,0.000,0.000,6
LTe01,5,frontal,3,100.0,0.000,0.000,0.000,4.500,0.000,47
LTe02,4,all,4,10.0,0.000,0.000,0.000,0.000,0.000,4
LTe02,4,all,4,25.0,0.000,0.000,0.000,0.000,0.000,6
LTe02,4,all,4,50.0,0.000,0.000,0.000,0.000,0.000,9
LTe02,4,all,4,100.0,0.000,0.000,0.000,0.000,0.000,12
LTe03,4,all,4,10.0,0.000,0.000,0.000,0.000,0.000,4
LTe03,4,all,4,25.0,0.000,0.000,0.000,0.000,0.000,8
LTe03,4,all,4,50.0,0.000,0.000,0.000,0.000,0.000,19
LTe03,4,all,4,100.0,0.000,0.000,0.000,1.500,0.000,163
LTe03,4,frontal,4,10.0,0.000,0.000,0.000,0.000,0.000,4
LTe03,4,frontal,4,25.0,0.000,0.000,0.000,0.000,0.000,8
LTe03,4,frontal,4,50.0,0.000,0.000,0.000,0.000,0.000,19
LTe03,4,frontal,4,100.0,0.000,0.000,0.000,1.500,0.000,163
LTe09,15,all,15,10.0,0.000,0.000,0.000,0.000,0.000,15
LTe09,15,all,15,25.0,0.000,0.000,0.000,0.000,0.000,15
LTe09,15,all,15,50.0,0.000,0.000,0.000,0.000,0.000,15
LTe09,15,all,15,100.0,0.000,0.000,0.000,0.000,0.000,17
LTe09,15,frontal,2,10.0,0.000,0.000,0.000,0.000,0.000,2
LTe09,15,frontal,2,25.0,0.000,0.000,0.000,0.000,0.000,2
LTe09,15,frontal,2,50.0,0.000,0.000,0.000,0.000,0.000,2
LTe09,15,frontal,2,100.0,0.000,0.000,0.000,0.000,0.000,2
LTe32,6,all,6,10.0,0.000,0.000,0.000,0.000,0.000,6
LTe32,6,all,6,25.0,0.000,0.000,0.000,0.000,0.000,6
LTe32,6,all,6,50.0,0.000,0.000,0.000,0.000,0.000,6
LTe32,6,all,6,100.0,0.000,0.000,0.000,0.000,0.000,6
LTe33,5,all,5,10.0,0.000,0.000,0.000,0.000,0.000,5
LTe33,5,all,5,25.0,0.000,0.000,0.000,0.000,0.000,7
LTe33,5,all,5,50.0,0.000,0.000,0.000,0.000,0.000,8
LTe33,5,all,5,100.0,0.000,0.000,0.000,0.000,0.000,39
LTe37,4,all,4,10.0,0.000,0.000,0.000,0.000,0.000,5
LTe37,4,all,4,25.0,0.000,0.000,0.000,0.000,0.000,13
LTe37,4,all,4,50.0,0.000,0.000,0.000,0.000,0.000,17
LTe37,4,all,4,100.0,0.000,0.000,0.000,0.000,0.000,73
LTe38a,8,all,8,10.0,0.000,0.000,0.000,0.000,0.000,8
LTe38a,8,all,8,25.0,0.000,0.000,0.000,0.000,0.000,8
LTe38a,8,all,8,50.0,0.000,0.000,0.000,0.000,0.000,17
LTe38a,8,all,8,100.0,0.000,0.000,0.000,0.500,0.000,50
LTe38a,8,frontal,2,10.0,0.000,0.000,0.000,0.000,0.000,2
LTe38a,8,frontal,2,25.0,0.000,0.000,0.000,0.000,0.000,2
LTe38a,8,frontal,2,50.0,0.000,0.000,0.000,0.000,0.000,2
LTe38a,8,frontal,2,100.0,0.000,0.000,0.000,0.000,0.000,5
LTe38b,4,all,4,10.0,0.000,0.000,0.000,0.000,0.000,5
LTe38b,4,all,4,25.0,0.000,0.000,0.000,0.000,0.000,8
LTe38b,4,all,4,50.0,0.000,0.000,0.000,0.000,0.000,10
LTe38b,4,all,4,100.0,0.000,0.000,0.000,0.000,0.000,21
LTe38b,4,frontal,2,10.0,0.000,0.000,0.000,0.000,0.000,2
LTe38b,4,frontal,2,25.0,0.000,0.000,0.000,0.000,0.000,3
LTe38b,4,frontal,2,50.0,0.000,0.000,0.000,0.000,0.000,6
LTe38b,4,frontal,2,100.0,0.000,0.000,0.000,0.000,0.000,11
LTe43b,6,all,6,10.0,0.000,0.000,0.000,0.000,0.000,8
LTe43b,6,all,6,25.0,0.000,0.000,0.000,1.000,0.000,14
LTe43b,6,all,6,50.0,0.000,0.000,0.000,3.000,0.000,19
LTe43b,6,all,6,100.0,0.000,0.000,0.000,3.500,0.000,39
LTe43b,6,frontal,3,10.0,0.000,0.000,0.000,0.000,0.000,4
LTe43b,6,frontal,3,25.0,0.000,0.000,0.000,1.000,0.000,8
LTe43b,6,frontal,3,50.0,0.000,0.000,0.000,3.000,0.000,31
LTe43b,6,frontal,3,100.0,0.000,0.000,0.000,8.500,0.000,46
LTe47,4,all,4,10.0,0.000,0.000,0.000,0.000,0.000,4
LTe47,4,all,4,25.0,0.000,0.000,0.000,0.000,0.000,4
LTe47,4,all,4,50.0,0.000,0.000,0.000,0.000,0.000,4
LTe47,4,all,4,100.0,0.000,0.000,0.000,0.000,0.000,4
LTe47,4,frontal,4,10.0,0.000,0.000,0.000,0.000,0.000,4
LTe47,4,frontal,4,25.0,0.000,0.000,0.000,0.000,0.000,4
LTe47,4,frontal,4,50.0,0.000,0.000,0.000,0.000,0.000,4
LTe47,4,frontal,4,100.0,0.000,0.000,0.000,0.000,0.000,4
LTe49,27,all,27,10.0,0.000,0.000,0.000,0.000,0.000,31
LTe49,27,all,27,25.0,0.000,0.000,0.000,0.000,0.000,46
LTe49,27,all,27,50.0,0.000,0.000,0.000,0.000,0.000,84
LTe49,27,all,27,100.0,0.000,0.000,0.000,4.000,0.000,839
LTe49,27,frontal,10,10.0,0.000,0.000,0.000,0.000,0.000,10
LTe49,27,frontal,10,25.0,0.000,0.000,0.000,0.000,0.000,13
LTe49,27,frontal,10,50.0,0.000,0.000,0.000,0.000,0.000,27
LTe49,27,frontal,10,100.0,0.000,0.000,0.000,0.000,0.000,55
LTe50,4,all,4,10.0,0.000,0.000,0.000,0.000,0.000,4
LTe50,4,all,4,25.0,0.000,0.000,0.000,0.000,0.000,4
LTe50,4,all,4,50.0,0.000,0.000,0.000,0.000,0.000,4
LTe50,4,all,4,100.0,0.000,0.000,0.000,0.000,0.000,4
LTe54,4,all,4,10.0,0.000,0.000,0.000,0.000,0.000,11
LTe54,4,all,4,25.0,0.000,0.000,0.000,0.000,0.000,17
LTe54,4,all,4,50.0,0.000,0.000,0.000,0.000,0.000,36
LTe54,4,all,4,100.0,0.000,0.000,0.000,0.000,0.000,71
LTe58,12,all,12,10.0,0.000,0.000,0.000,0.000,0.000,15
LTe58,12,all,12,25.0,0.000,0.000,0.000,0.000,0.000,21
LTe58,12,all,12,50.0,0.000,0.000,0.000,0.000,0.000,37
LTe58,12,all,12,100.0,0.000,4.000,0.000,0.000,0.000,89
LTe63,6,all,6,10.0,0.000,0.000,0.000,0.000,0.000,6
LTe63,6,all,6,25.0,0.000,0.000,0.000,0.000,0.000,6
LTe63,6,all,6,50.0,0.000,0.000,0.000,0.000,0.000,6
LTe63,6,all,6,100.0,0.000,0.000,0.000,0.000,0.000,6
LTe63,6,frontal,6,10.0,0.000,0.000,0.000,0.000,0.000,6
LTe63,6,frontal,6,25.0,0.000,0.000,0.000,0.000,0.000,6
LTe63,6,frontal,6,50.0,0.000,0.000,0.000,0.000,0.000,6
LTe63,6,frontal,6,100.0,0.000,0.000,0.000,0.000,0.000,6
LTe64,16,all,16,10.0,0.000,0.000,0.000,0.000,0.000,19
LTe64,16,all,16,25.0,0.000,0.000,0.000,0.000,0.000,37
LTe64,16,all,16,50.0,0.000,0.000,0.000,0.000,0.000,53
LTe64,16,all,16,100.0,0.000,0.000,0.000,5.500,0.000,112
LTe64,16,frontal,6,10.0,0.000,0.000,0.000,0.000,0.000,6
LTe64,16,frontal,6,25.0,0.000,0.000,0.000,0.000,0.000,6
LTe64,16,frontal,6,50.0,0.000,0.000,0.000,0.000,0.000,8
LTe64,16,frontal,6,100.0,0.000,0.000,0.000,0.000,0.000,21
LTe65,7,all,7,10.0,0.000,0.000,0.000,0.000,0.000,14
LTe65,7,all,7,25.0,0.000,0.000,0.000,0.000,0.000,24
LTe65,7,all,7,50.0,0.000,0.000,0.000,0.000,0.000,30
LTe65,7,all,7,100.0,0.000,0.000,0.000,0.500,0.000,144
LTe65,7,frontal,5,10.0,0.000,0.000,0.000,0.000,0.000,8
LTe65,7,frontal,5,25.0,0.000,0.000,0.000,0.000,0.000,21
LTe65,7,frontal,5,50.0,0.000,0.000,0.000,0.000,0.000,24
LTe65,7,frontal,5,100.0,0.000,0.000,0.000,0.000,0.000,49
LTe66,7,all,7,10.0,0.000,0.000,0.000,0.000,0.000,7
LTe66,7,all,7,25.0,0.000,0.000,0.000,0.000,0.000,10
LTe66,7,all,7,50.0,0.000,0.000,0.000,0.000,0.000,13
LTe66,7,all,7,100.0,0.000,0.000,0.000,3.500,0.000,36
LTe67,4,all,4,10.0,0.000,0.000,0.000,0.000,0.000,4
LTe67,4,all,4,25.0,0.000,0.000,0.000,0.000,0.000,6
LTe67,4,all,4,50.0,0.000,0.000,0.000,0.000,0.000,8
LTe67,4,all,4,100.0,0.000,0.000,0.000,0.000,0.000,21
LTe68a,4,all,4,10.0,0.000,0.000,0.000,0.000,0.000,4
LTe68a,4,all,4,25.0,0.000,0.000,0.000,0.000,0.000,5
LTe68a,4,all,4,50.0,0.000,0.000,0.000,0.000,0.000,5
LTe68a,4,all,4,100.0,0.000,0.000,0.000,0.000,0.000,8
LTe68b,6,all,6,10.0,0.000,0.000,0.000,0.000,0.000,6
LTe68b,6,all,6,25.0,0.000,0.000,0.000,0.000,0.000,6
LTe68b,6,all,6,50.0,0.000,0.000,0.000,0.000,0.000,8
LTe68b,6,all,6,100.0,0.000,0.000,0.000,0.000,0.000,37
MC65,6,all,6,10.0,0.000,0.000,0.000,0.000,0.000,8
MC65,6,all,6,25.0,0.000,0.000,0.000,0.000,0.000,10
MC65,6,all,6,50.0,0.000,0.000,0.000,0.000,0.000,14
MC65,6,all,6,100.0,0.000,0.000,0.000,0.000,0.000,74
MC65,6,frontal,6,10.0,0.000,0.000,0.000,0.000,0.000,8
MC65,6,frontal,6,25.0,0.000,0.000,0.000,0.000,0.000,10
MC65,6,frontal,6,50.0,0.000,0.000,0.000,0.000,0.000,14
MC65,6,frontal,6,100.0,0.000,0.000,0.000,0.000,0.000,74
MTe01a,87,all,87,10.0,0.000,0.000,0.000,0.000,0.000,87
MTe01a,87,all,87,25.0,0.000,0.000,0.000,0.000,0.000,87
MTe01a,87,all,87,50.0,0.000,0.000,0.000,0.000,0.000,87
MTe01a,87,all,87,100.0,0.000,0.000,0.000,0.000,0.000,87
MTe01a,87,frontal,52,10.0,0.000,0.000,0.000,0.000,0.000,52
MTe01a,87,frontal,52,25.0,0.000,0.000,0.000,0.000,0.000,52
MTe01a,87,frontal,52,50.0,0.000,0.000,0.000,0.000,0.000,52
MTe01a,87,frontal,52,100.0,0.000,0.000,0.000,0.000,0.000,52
MTe01b,48,all,48,10.0,0.000,0.000,0.000,0.000,0.000,55
MTe01b,48,all,48,25.0,0.000,0.000,0.000,0.000,0.000,84
MTe01b,48,all,48,50.0,0.000,0.000,0.000,0.000,0.000,164
MTe01b,48,all,48,100.0,0.000,0.000,0.000,32.500,0.000,1066
MTe01b,48,frontal,17,10.0,0.000,0.000,0.000,0.000,0.000,21
MTe01b,48,frontal,17,25.0,0.000,0.000,0.000,0.000,0.000,35
MTe01b,48,frontal,17,50.0,0.000,0.000,0.000,0.000,0.000,48
MTe01b,48,frontal,17,100.0,0.000,0.000,0.000,0.000,0.000,74
MTe01c,4,all,4,10.0,0.000,0.000,0.000,0.000,0.000,32
MTe01c,4,all,4,25.0,0.000,0.000,0.000,0.000,0.000,49
MTe01c,4,all,4,50.0,0.000,0.000,0.000,0.000,0.000,103
MTe01c,4,all,4,100.0,0.000,0.000,0.000,1.000,0.000,252
MTe01c,4,frontal,2,10.0,0.000,0.000,0.000,0.000,0.000,8
MTe01c,4,frontal,2,25.0,0.000,0.000,0.000,0.000,0.000,16
MTe01c,4,frontal,2,50.0,0.000,0.000,0.000,0.000,0.000,26
MTe01c,4,frontal,2,100.0,0.000,0.000,0.000,2.000,0.000,47
MTe02,74,all,74,10.0,0.000,0.000,0.000,0.000,0.000,74
MTe02,74,all,74,25.0,0.000,0.000,0.000,0.000,0.000,78
MTe02,74,all,74,50.0,0.000,0.000,0.000,0.000,0.000,90
MTe02,74,all,74,100.0,0.000,0.000,0.000,0.000,0.000,117
MTe02,74,frontal,33,10.0,0.000,0.000,0.000,0.000,0.000,33
MTe02,74,frontal,33,25.0,0.000,0.000,0.000,0.000,0.000,34
MTe02,74,frontal,33,50.0,0.000,0.000,0.000,0.000,0.000,35
MTe02,74,frontal,33,100.0,0.000,0.000,0.000,0.000,0.000,44
MTe03,47,all,47,10.0,0.000,0.000,0.000,0.000,0.000,47
MTe03,47,all,47,25.0,0.000,0.000,0.000,0.000,0.000,56
MTe03,47,all,47,50.0,0.000,0.000,0.000,0.000,0.000,76
MTe03,47,all,47,100.0,0.000,0.000,0.000,0.000,0.000,94
MTe03,47,frontal,13,10.0,0.000,0.000,0.000,0.000,0.000,13
MTe03,47,frontal,13,25.0,0.000,0.000,0.000,0.000,0.000,13
MTe03,47,frontal,13,50.0,0.000,0.000,0.000,0.000,0.000,13
MTe03,47,frontal,13,100.0,0.000,0.000,0.000,0.000,0.000,21
MTe04,30,all,30,10.0,0.000,0.000,0.000,0.000,0.000,31
MTe04,30,all,30,25.0,0.000,0.000,0.000,0.000,0.000,34
MTe04,30,all,30,50.0,0.000,0.000,0.000,0.000,0.000,39
MTe04,30,all,30,100.0,0.000,0.000,0.000,0.000,0.000,54
MTe04,30,frontal,16,10.0,0.000,0.000,0.000,0.000,0.000,16
MTe04,30,frontal,16,25.0,0.000,0.000,0.000,0.000,0.000,16
MTe04,30,frontal,16,50.0,0.000,0.000,0.000,0.000,0.000,17
MTe04,30,frontal,16,100.0,0.000,0.000,0.000,0.000,0.000,22
MTe05,23,all,23,10.0,0.000,0.000,0.000,0.000,0.000,23
MTe05,23,all,23,25.0,0.000,0.000,0.000,0.000,0.000,25
MTe05,23,all,23,50.0,0.000,0.000,0.000,0.000,0.000,38
MTe05,23,all,23,100.0,0.000,0.000,0.000,0.000,0.000,50
MTe05,23,frontal,10,10.0,0.000,0.000,0.000,0.000,0.000,10
MTe05,23,frontal,10,25.0,0.000,0.000,0.000,0.000,0.000,10
MTe05,23,frontal,10,50.0,0.000,0.000,0.000,0.000,0.000,12
MTe05,23,frontal,10,100.0,0.000,0.000,0.000,0.000,0.000,22
MTe06,18,all,18,10.0,0.000,0.000,0.000,0.000,0.000,18
MTe06,18,all,18,25.0,0.000,0.000,0.000,0.000,0.000,18
MTe06,18,all,18,50.0,0.000,0.000,0.000,0.000,0.000,26
MTe06,18,all,18,100.0,0.000,0.000,0.000,0.000,0.000,34
MTe06,18,frontal,8,10.0,0.000,0.000,0.000,0.000,0.000,8
MTe06,18,frontal,8,25.0,0.000,0.000,0.000,0.000,0.000,8
MTe06,18,frontal,8,50.0,0.000,0.000,0.000,0.000,0.000,8
MTe06,18,frontal,8,100.0,0.000,0.000,0.000,0.000,0.000,13
MTe07,15,all,15,10.0,0.000,0.000,0.000,0.000,0.000,17
MTe07,15,all,15,25.0,0.000,0.000,0.000,0.000,0.000,17
MTe07,15,all,15,50.0,0.000,0.000,0.000,0.000,0.000,43
MTe07,15,all,15,100.0,0.000,0.000,0.000,0.000,0.000,143
MTe07,15,frontal,11,10.0,0.000,0.000,0.000,0.000,0.000,11
MTe07,15,frontal,11,25.0,0.000,0.000,0.000,0.000,0.000,13
MTe07,15,frontal,11,50.0,0.000,0.000,0.000,0.000,0.000,17
MTe07,15,frontal,11,100.0,0.000,0.000,0.000,0.000,0.000,79
MTe08,12,all,12,10.0,0.000,0.000,0.000,0.000,0.000,12
MTe08,12,all,12,25.0,0.000,0.000,0.000,0.000,0.000,12
MTe08,12,all,12,50.0,0.000,0.000,0.000,0.000,0.000,12
MTe08,12,all,12,100.0,0.000,0.000,0.000,0.000,0.000,12
MTe08,12,frontal,2,10.0,0.000,0.000,0.000,0.000,0.000,2
MTe08,12,frontal,2,25.0,0.000,0.000,0.000,0.000,0.000,2
MTe08,12,frontal,2,50.0,0.000,0.000,0.000,0.000,0.000,2
MTe08,12,frontal,2,100.0,0.000,0.000,0.000,0.000,0.000,2
MTe09,10,all,10,10.0,0.000,0.000,0.000,0.000,0.000,10
MTe09,10,all,10,25.0,0.000,0.000,0.000,0.000,0.000,10
MTe09,10,all,10,50.0,0.000,0.000,0.000,0.000,0.000,10
MTe09,10,all,10,100.0,0.000,0.000,0.000,0.000,0.000,10
MTe09,10,frontal,8,10.0,0.000,0.000,0.000,0.000,0.000,8
MTe09,10,frontal,8,25.0,0.000,0.000,0.000,0.000,0.000,8
MTe09,10,frontal,8,50.0,0.000,0.000,0.000,0.000,0.000,8
MTe09,10,frontal,8,100.0,0.000,0.000,0.000,0.000,0.000,8
MTe10,8,all,8,10.0,0.000,0.000,0.000,0.000,0.000,8
MTe10,8,all,8,25.0,0.000,0.000,0.000,0.000,0.000,8
MTe10,8,all,8,50.0,0.000,0.000,0.000,0.000,0.000,8
MTe10,8,all,8,100.0,0.000,0.000,0.000,0.000,0.000,8
MTe11,6,all,6,10.0,0.000,0.000,0.000,0.000,0.000,6
MTe11,6,all,6,25.0,0.000,0.000,0.000,0.000,0.000,6
MTe11,6,all,6,50.0,0.000,0.000,0.000,0.000,0.000,6
MTe11,6,all,6,100.0,0.000,0.000,0.000,0.000,0.000,6
MTe12,6,all,6,10.0,0.000,0.000,0.000,0.000,0.000,7
MTe12,6,all,6,25.0,0.000,0.000,0.000,0.000,0.000,12
MTe12,6,all,6,50.0,0.000,0.000,0.000,0.000,0.000,18
MTe12,6,all,6,100.0,0.000,0.000,0.000,0.000,0.000,35
MTe12,6,frontal,2,10.0,0.000,0.000,0.000,0.000,0.000,2
MTe12,6,frontal,2,25.0,0.000,0.000,0.000,0.000,0.000,2
MTe12,6,frontal,2,50.0,0.000,0.000,0.000,0.000,0.000,4
MTe12,6,frontal,2,100.0,0.000,0.000,0.000,0.000,0.000,12
MTe13,5,all,5,10.0,0.000,0.000,0.000,0.000,0.000,5
MTe13,5,all,5,25.0,0.000,0.000,0.000,0.000,0.000,5
